CUSTOMER_ID,CHECKING_AMOUNT,BANK_FUNDS,MONTHLY_CHECKS_WRITTEN,T_AMOUNT_AUTOM_PAYMENTS
CU8983,27.5,0,0,0
CU8983,25,0,0,0
CU8983,22.5,0,0,0
CU1655,176,501,0,668
CU1655,160,450.9,1,568
CU1655,144,551.1,2,768
CU13483,27.5,750,13,161
CU13483,25,675,14,61
CU13483,22.5,825,15,261
CU9863,27.5,0,0,0
CU9863,25,0,0,0
CU9863,22.5,0,0,0
CU4584,27.5,0,0,509
CU4584,25,0,0,409
CU4584,22.5,0,0,609
CU14034,27.5,450,1,959
CU14034,25,405,2,859
CU14034,22.5,495,3,1059
CU8512,123.2,750,3,7226
CU8512,112,675,4,7126
CU8512,100.8,825,5,7326
CU13369,27.5,0,0,0
CU13369,25,0,0,0
CU13369,22.5,0,0,0
CU3715,27.5,0,0,509
CU3715,25,0,0,409
CU3715,22.5,0,0,609
CU10361,40.7,0,11,0
CU10361,37,0,12,0
CU10361,33.3,0,13,0
CU4118,210.1,0,0,702
CU4118,191,0,1,602
CU4118,171.9,0,2,802
CU12921,27.5,0,1,0
CU12921,25,0,2,0
CU12921,22.5,0,3,0
CU9729,27.5,0,0,0
CU9729,25,0,0,0
CU9729,22.5,0,0,0
CU2206,27.5,0,0,506
CU2206,25,0,0,406
CU2206,22.5,0,0,606
CU15635,25434.2,2100,1,23180
CU15635,23122,1890,2,23080
CU15635,20809.8,2310,3,23280
CU15148,739.2,700,5,681
CU15148,672,630,6,581
CU15148,604.8,770,7,781
CU15175,250.8,501,10,243
CU15175,228,450.9,11,143
CU15175,205.2,551.1,12,343
CU2055,6795.8,0,9,6692
CU2055,6178,0,10,6592
CU2055,5560.2,0,11,6792
CU1720,27.5,9200,8,2006
CU1720,25,8280,9,1906
CU1720,22.5,10120,10,2106
CU2788,27.5,0,4,629
CU2788,25,0,5,529
CU2788,22.5,0,6,729
CU14938,27.5,0,0,0
CU14938,25,0,0,0
CU14938,22.5,0,0,0
CU12859,27.5,0,0,0
CU12859,25,0,0,0
CU12859,22.5,0,0,0
CU13885,27.5,0,0,0
CU13885,25,0,0,0
CU13885,22.5,0,0,0
CU15133,716.1,0,6,663
CU15133,651,0,7,563
CU15133,585.9,0,8,763
CU7666,27.5,0,1,0
CU7666,25,0,2,0
CU7666,22.5,0,3,0
CU8286,27.5,0,0,0
CU8286,25,0,0,0
CU8286,22.5,0,0,0
CU3751,11468.6,12000,4,10995
CU3751,10426,10800,5,10895
CU3751,9383.4,13200,6,11095
CU2005,5491.2,1600,17,6032
CU2005,4992,1440,18,5932
CU2005,4492.8,1760,19,6132
CU11347,27.5,500,1,2576
CU11347,25,450,2,2476
CU11347,22.5,550,3,2676
CU2804,27.5,0,3,515
CU2804,25,0,4,415
CU2804,22.5,0,5,615
CU13492,383.9,1250,11,365
CU13492,349,1125,12,265
CU13492,314.1,1375,13,465
CU7970,27.5,0,0,0
CU7970,25,0,0,0
CU7970,22.5,0,0,0
CU5854,3712.5,1621,1,3883
CU5854,3375,1458.9,2,3783
CU5854,3037.5,1783.1,3,3983
CU12168,27.5,500,3,297
CU12168,25,450,4,197
CU12168,22.5,550,5,397
CU12517,682,450,13,633
CU12517,620,405,14,533
CU12517,558,495,15,733
CU15599,311.3,750,4,793
CU15599,283,675,5,693
CU15599,254.7,825,6,893
CU14537,81.4,450,2,16861
CU14537,74,405,3,16761
CU14537,66.6,495,4,16961
CU10566,27.5,0,0,0
CU10566,25,0,0,0
CU10566,22.5,0,0,0
CU4321,27.5,0,0,507
CU4321,25,0,0,407
CU4321,22.5,0,0,607
CU15471,27.5,0,0,0
CU15471,25,0,0,0
CU15471,22.5,0,0,0
CU2669,193.6,700,13,687
CU2669,176,630,14,587
CU2669,158.4,770,15,787
CU11694,27.5,800,1,212
CU11694,25,720,2,112
CU11694,22.5,880,3,312
CU2185,155.1,0,0,645
CU2185,141,0,1,545
CU2185,126.9,0,2,745
CU12663,44,0,1,0
CU12663,40,0,2,0
CU12663,36,0,3,0
CU2555,27.5,0,0,506
CU2555,25,0,0,406
CU2555,22.5,0,0,606
CU5351,9160.8,8100,2,11106
CU5351,8328,7290,3,11006
CU5351,7495.2,8910,4,11206
CU15809,27.5,0,0,0
CU15809,25,0,0,0
CU15809,22.5,0,0,0
CU10745,27.5,0,0,0
CU10745,25,0,0,0
CU10745,22.5,0,0,0
CU5151,27.5,0,1,507
CU5151,25,0,2,407
CU5151,22.5,0,3,607
CU11246,15324.1,1900,1,13939
CU11246,13931,1710,2,13839
CU11246,12537.9,2090,3,14039
CU216,27.5,2201,3,55686
CU216,25,1980.9,4,55586
CU216,22.5,2421.1,5,55786
CU5056,27.5,0,0,500
CU5056,25,0,0,400
CU5056,22.5,0,0,600
CU15116,4648.6,2601,3,6226
CU15116,4226,2340.9,4,6126
CU15116,3803.4,2861.1,5,6326
CU14993,27.5,0,3,0
CU14993,25,0,4,0
CU14993,22.5,0,5,0
CU6501,11579.7,2300,1,15397
CU6501,10527,2070,2,15297
CU6501,9474.3,2530,3,15497
CU4871,24197.8,4100,14,22716
CU4871,21998,3690,15,22616
CU4871,19798.2,4510,16,22816
CU13515,27.5,0,0,0
CU13515,25,0,0,0
CU13515,22.5,0,0,0
CU938,27.5,0,0,507
CU938,25,0,0,407
CU938,22.5,0,0,607
CU5310,27.5,0,17,1756
CU5310,25,0,18,1656
CU5310,22.5,0,19,1856
CU4914,27.5,0,0,512
CU4914,25,0,0,412
CU4914,22.5,0,0,612
CU8955,1158.3,9850,10,1601
CU8955,1053,8865,11,1501
CU8955,947.7,10835,12,1701
CU14800,11092.4,11100,1,38963
CU14800,10084,9990,2,38863
CU14800,9075.6,12210,3,39063
CU15766,27.5,12500,3,38208
CU15766,25,11250,4,38108
CU15766,22.5,13750,5,38308
CU5759,2891.9,18300,1,10054
CU5759,2629,16470,2,9954
CU5759,2366.1,20130,3,10154
CU692,1579.6,14800,2,24484
CU692,1436,13320,3,24384
CU692,1292.4,16280,4,24584
CU4105,4131.6,11500,6,30686
CU4105,3756,10350,7,30586
CU4105,3380.4,12650,8,30786
CU13265,27.5,0,0,0
CU13265,25,0,0,0
CU13265,22.5,0,0,0
CU6227,4044.7,14900,16,4265
CU6227,3677,13410,17,4165
CU6227,3309.3,16390,18,4365
CU4292,27.5,0,6,506
CU4292,25,0,7,406
CU4292,22.5,0,8,606
CU7681,27.5,0,0,0
CU7681,25,0,1,0
CU7681,22.5,0,2,0
CU14310,8486.5,250,0,20856
CU14310,7715,225,0,20756
CU14310,6943.5,275,0,20956
CU11113,696.3,550,9,3203
CU11113,633,495,10,3103
CU11113,569.7,605,11,3303
CU14302,27.5,0,0,0
CU14302,25,0,1,0
CU14302,22.5,0,2,0
CU7839,27.5,0,3,0
CU7839,25,0,4,0
CU7839,22.5,0,5,0
CU15289,27.5,0,0,0
CU15289,25,0,0,0
CU15289,22.5,0,0,0
CU4101,27.5,0,0,506
CU4101,25,0,0,406
CU4101,22.5,0,0,606
CU2570,1183.6,17100,3,6281
CU2570,1076,15390,4,6181
CU2570,968.4,18810,5,6381
CU11231,27.5,6800,0,76910
CU11231,25,6120,1,76810
CU11231,22.5,7480,2,77010
CU5289,423.5,1300,3,1129
CU5289,385,1170,4,1029
CU5289,346.5,1430,5,1229
CU3084,27.5,0,0,504
CU3084,25,0,0,404
CU3084,22.5,0,0,604
CU7866,27.5,901,7,121
CU7866,25,810.9,8,21
CU7866,22.5,991.1,9,221
CU13120,27.5,0,0,331
CU13120,25,0,1,231
CU13120,22.5,0,2,431
CU6243,13625.7,5735,15,13433
CU6243,12387,5161.5,16,13333
CU6243,11148.3,6308.5,17,13533
CU6466,2862.2,4400,2,5037
CU6466,2602,3960,3,4937
CU6466,2341.8,4840,4,5137
CU9798,27.5,0,0,0
CU9798,25,0,0,0
CU9798,22.5,0,0,0
CU12208,27.5,0,3,0
CU12208,25,0,4,0
CU12208,22.5,0,5,0
CU13133,27.5,500,0,0
CU13133,25,450,1,0
CU13133,22.5,550,2,0
CU14553,27.5,0,0,0
CU14553,25,0,0,0
CU14553,22.5,0,0,0
CU11341,27.5,0,0,0
CU11341,25,0,0,0
CU11341,22.5,0,0,0
CU9102,27.5,0,0,0
CU9102,25,0,0,0
CU9102,22.5,0,0,0
CU11209,129.8,600,5,826
CU11209,118,540,6,726
CU11209,106.2,660,7,926
CU14291,27.5,0,0,651
CU14291,25,0,0,551
CU14291,22.5,0,0,751
CU11516,376.2,0,0,413
CU11516,342,0,1,313
CU11516,307.8,0,2,513
CU534,7273.2,21100,2,45750
CU534,6612,18990,3,45650
CU534,5950.8,23210,4,45850
CU2956,27.5,0,10,345
CU2956,25,0,11,245
CU2956,22.5,0,12,445
CU8630,102.3,500,15,120
CU8630,93,450,16,20
CU8630,83.7,550,17,220
CU6674,103.4,0,4,596
CU6674,94,0,5,496
CU6674,84.6,0,6,696
CU7733,27.5,0,0,0
CU7733,25,0,1,0
CU7733,22.5,0,2,0
CU9746,1238.6,750,1,1309
CU9746,1126,675,2,1209
CU9746,1013.4,825,3,1409
CU4544,3131.7,3200,3,2906
CU4544,2847,2880,4,2806
CU4544,2562.3,3520,5,3006
CU153,27.5,0,0,504
CU153,25,0,0,404
CU153,22.5,0,0,604
CU577,171.6,0,2,685
CU577,156,0,3,585
CU577,140.4,0,4,785
CU4116,202.4,301,2,759
CU4116,184,270.9,3,659
CU4116,165.6,331.1,4,859
CU8583,27.5,0,0,125
CU8583,25,0,1,25
CU8583,22.5,0,2,225
CU13235,27.5,0,0,0
CU13235,25,0,0,0
CU13235,22.5,0,0,0
CU13847,740.3,350,2,688
CU13847,673,315,3,588
CU13847,605.7,385,4,788
CU9125,27.5,0,0,0
CU9125,25,0,0,0
CU9125,22.5,0,0,0
CU7837,27.5,0,0,0
CU7837,25,0,1,0
CU7837,22.5,0,2,0
CU6791,1329.9,0,6,4401
CU6791,1209,0,7,4301
CU6791,1088.1,0,8,4501
CU4245,832.7,0,0,1288
CU4245,757,0,1,1188
CU4245,681.3,0,2,1388
CU8506,512.6,1150,10,6248
CU8506,466,1035,11,6148
CU8506,419.4,1265,12,6348
CU10680,27.5,0,4,0
CU10680,25,0,5,0
CU10680,22.5,0,6,0
CU2366,27.5,0,0,2400
CU2366,25,0,1,2300
CU2366,22.5,0,2,2500
CU7014,282.7,0,17,762
CU7014,257,0,18,662
CU7014,231.3,0,19,862
CU10518,27.5,0,0,0
CU10518,25,0,1,0
CU10518,22.5,0,2,0
CU860,27.5,0,0,503
CU860,25,0,0,403
CU860,22.5,0,0,603
CU13297,27.5,0,8,241
CU13297,25,0,9,141
CU13297,22.5,0,10,341
CU8716,27.5,0,0,0
CU8716,25,0,1,0
CU8716,22.5,0,2,0
CU4845,27.5,0,0,506
CU4845,25,0,1,406
CU4845,22.5,0,2,606
CU15400,27.5,0,0,0
CU15400,25,0,0,0
CU15400,22.5,0,0,0
CU5114,27.5,6500,2,28900
CU5114,25,5850,3,28800
CU5114,22.5,7150,4,29000
CU11130,27.5,0,11,865
CU11130,25,0,12,765
CU11130,22.5,0,13,965
CU3265,27.5,1400,2,3316
CU3265,25,1260,3,3216
CU3265,22.5,1540,4,3416
CU10411,27.5,0,0,0
CU10411,25,0,0,0
CU10411,22.5,0,0,0
CU8180,27.5,0,1,0
CU8180,25,0,2,0
CU8180,22.5,0,3,0
CU13653,27.5,0,0,0
CU13653,25,0,0,0
CU13653,22.5,0,0,0
CU7701,105.6,750,14,159
CU7701,96,675,15,59
CU7701,86.4,825,16,259
CU4371,27.5,9200,3,8284
CU4371,25,8280,4,8184
CU4371,22.5,10120,5,8384
CU13390,27.5,0,0,0
CU13390,25,0,1,0
CU13390,22.5,0,2,0
CU9594,27.5,4052,17,227
CU9594,25,3646.8,18,127
CU9594,22.5,4457.2,19,327
CU12638,27.5,201,10,0
CU12638,25,180.9,11,0
CU12638,22.5,221.1,12,0
CU11877,27.5,301,1,377
CU11877,25,270.9,2,277
CU11877,22.5,331.1,3,477
CU8238,27.5,0,0,0
CU8238,25,0,0,0
CU8238,22.5,0,0,0
CU8734,27.5,0,0,0
CU8734,25,0,0,0
CU8734,22.5,0,0,0
CU6061,27.5,5400,15,57652
CU6061,25,4860,16,57552
CU6061,22.5,5940,17,57752
CU9038,27.5,0,2,523
CU9038,25,0,3,423
CU9038,22.5,0,4,623
CU8196,127.6,0,0,212
CU8196,116,0,1,112
CU8196,104.4,0,2,312
CU10447,558.8,0,3,1926
CU10447,508,0,4,1826
CU10447,457.2,0,5,2026
CU6315,27.5,22900,3,50724
CU6315,25,20610,4,50624
CU6315,22.5,25190,5,50824
CU5177,244.2,8700,1,6200
CU5177,222,7830,2,6100
CU5177,199.8,9570,3,6300
CU9385,27.5,500,2,0
CU9385,25,450,3,0
CU9385,22.5,550,4,0
CU12228,27.5,2500,5,645
CU12228,25,2250,6,545
CU12228,22.5,2750,7,745
CU895,27.5,9500,2,76330
CU895,25,8550,3,76230
CU895,22.5,10450,4,76430
CU10473,27.5,250,1,409
CU10473,25,225,2,309
CU10473,22.5,275,3,509
CU3742,6623.1,1801,4,21260
CU3742,6021,1620.9,5,21160
CU3742,5418.9,1981.1,6,21360
CU4470,700.7,2850,3,1213
CU4470,637,2565,4,1113
CU4470,573.3,3135,5,1313
CU15671,4488,3000,1,4095
CU15671,4080,2700,2,3995
CU15671,3672,3300,3,4195
CU3918,27.5,0,0,506
CU3918,25,0,0,406
CU3918,22.5,0,0,606
CU4215,27.5,0,0,508
CU4215,25,0,1,408
CU4215,22.5,0,2,608
CU2108,206.8,2400,5,878
CU2108,188,2160,6,778
CU2108,169.2,2640,7,978
CU15800,27.5,500,3,184
CU15800,25,450,4,84
CU15800,22.5,550,5,284
CU5662,1206.7,4726,16,2293
CU5662,1097,4253.4,17,2193
CU5662,987.3,5198.6,18,2393
CU4884,27.5,0,0,502
CU4884,25,0,0,402
CU4884,22.5,0,0,602
CU3526,27.5,4200,15,15773
CU3526,25,3780,16,15673
CU3526,22.5,4620,17,15873
CU391,315.7,9800,7,2019
CU391,287,8820,8,1919
CU391,258.3,10780,9,2119
CU15853,795.3,500,5,1114
CU15853,723,450,6,1014
CU15853,650.7,550,7,1214
CU497,253,1600,4,793
CU497,230,1440,5,693
CU497,207,1760,6,893
CU1815,27.5,0,0,510
CU1815,25,0,0,410
CU1815,22.5,0,0,610
CU13980,27.5,3650,8,809
CU13980,25,3285,9,709
CU13980,22.5,4015,10,909
CU3969,27.5,0,0,521
CU3969,25,0,1,421
CU3969,22.5,0,2,621
CU15927,27.5,0,8,0
CU15927,25,0,9,0
CU15927,22.5,0,10,0
CU3167,23175.9,10525,0,98684
CU3167,21069,9472.5,1,98584
CU3167,18962.1,11577.5,2,98784
CU9766,27.5,0,0,0
CU9766,25,0,0,0
CU9766,22.5,0,0,0
CU7040,27.5,0,0,504
CU7040,25,0,0,404
CU7040,22.5,0,0,604
CU14975,27.5,0,0,0
CU14975,25,0,0,0
CU14975,22.5,0,0,0
CU14235,5139.2,0,12,4682
CU14235,4672,0,13,4582
CU14235,4204.8,0,14,4782
CU9217,27.5,0,0,0
CU9217,25,0,0,0
CU9217,22.5,0,0,0
CU12528,323.4,1200,3,301
CU12528,294,1080,4,201
CU12528,264.6,1320,5,401
CU14308,1500.4,0,2,1423
CU14308,1364,0,3,1323
CU14308,1227.6,0,4,1523
CU2533,27.5,0,0,504
CU2533,25,0,0,404
CU2533,22.5,0,0,604
CU2798,5836.6,4525,14,5815
CU2798,5306,4072.5,15,5715
CU2798,4775.4,4977.5,16,5915
CU14941,27.5,0,0,0
CU14941,25,0,0,0
CU14941,22.5,0,0,0
CU5704,1054.9,3250,3,2293
CU5704,959,2925,4,2193
CU5704,863.1,3575,5,2393
CU6691,27.5,4500,1,4619
CU6691,25,4050,2,4519
CU6691,22.5,4950,3,4719
CU11574,144.1,450,1,141
CU11574,131,405,2,41
CU11574,117.9,495,3,241
CU2129,864.6,6680,0,1293
CU2129,786,6012,1,1193
CU2129,707.4,7348,2,1393
CU7846,27.5,0,0,0
CU7846,25,0,0,0
CU7846,22.5,0,0,0
CU1840,27.5,0,11,49721
CU1840,25,0,12,49621
CU1840,22.5,0,13,49821
CU15559,27.5,0,0,0
CU15559,25,0,0,0
CU15559,22.5,0,0,0
CU14733,4192.1,2500,13,6840
CU14733,3811,2250,14,6740
CU14733,3429.9,2750,15,6940
CU4598,27.5,0,0,506
CU4598,25,0,0,406
CU4598,22.5,0,0,606
CU11006,1951.4,2000,15,1791
CU11006,1774,1800,16,1691
CU11006,1596.6,2200,17,1891
CU845,14899.5,1500,2,14141
CU845,13545,1350,3,14041
CU845,12190.5,1650,4,14241
CU7296,27.5,1700,3,1068
CU7296,25,1530,4,968
CU7296,22.5,1870,5,1168
CU6476,27.5,0,0,0
CU6476,25,0,0,0
CU6476,22.5,0,0,0
CU11917,27.5,0,0,0
CU11917,25,0,0,0
CU11917,22.5,0,0,0
CU14334,27.5,0,0,0
CU14334,25,0,0,0
CU14334,22.5,0,0,0
CU7472,27.5,0,0,0
CU7472,25,0,0,0
CU7472,22.5,0,0,0
CU13028,3499.1,450,12,3648
CU13028,3181,405,13,3548
CU13028,2862.9,495,14,3748
CU1547,27.5,1445,1,1328
CU1547,25,1300.5,2,1228
CU7854,27.5,0,0,0
CU7854,25,0,0,0
CU7854,22.5,0,0,0
CU12993,27.5,0,0,0
CU12993,25,0,0,0
CU12993,22.5,0,0,0
CU608,624.8,6574,1,634
CU608,568,5916.6,2,534
CU608,511.2,7231.4,3,734
CU10025,27.5,0,0,506
CU10025,25,0,0,406
CU10025,22.5,0,0,606
CU11680,27.5,0,0,0
CU11680,25,0,0,0
CU11680,22.5,0,0,0
CU10706,27.5,0,0,0
CU10706,25,0,0,0
CU10706,22.5,0,0,0
CU6752,8213.7,14100,1,18785
CU6752,7467,12690,2,18685
CU6752,6720.3,15510,3,18885
CU6932,27.5,0,1,592
CU6932,25,0,2,492
CU6932,22.5,0,3,692
CU9555,27.5,0,0,506
CU9555,25,0,0,406
CU9555,22.5,0,0,606
CU475,27.5,0,1,504
CU475,25,0,2,404
CU475,22.5,0,3,604
CU4188,27.5,0,0,506
CU4188,25,0,0,406
CU4188,22.5,0,0,606
CU12337,27.5,0,0,0
CU12337,25,0,1,0
CU12337,22.5,0,2,0
CU4603,27.5,0,0,623
CU4603,25,0,1,523
CU4603,22.5,0,2,723
CU7694,27.5,0,0,0
CU7694,25,0,0,0
CU7694,22.5,0,0,0
CU6846,27.5,0,0,504
CU6846,25,0,0,404
CU6846,22.5,0,0,604
CU5916,8472.2,15900,1,8868
CU5916,7702,14310,2,8768
CU5916,6931.8,17490,3,8968
CU3229,20656.9,22700,3,23870
CU3229,18779,20430,4,23770
CU3229,16901.1,24970,5,23970
CU10180,27.5,0,0,0
CU10180,25,0,0,0
CU10180,22.5,0,0,0
CU10989,27.5,0,0,0
CU10989,25,0,0,0
CU10989,22.5,0,0,0
CU8662,27.5,0,3,0
CU8662,25,0,4,0
CU8662,22.5,0,5,0
CU1371,27.5,0,0,503
CU1371,25,0,0,403
CU1371,22.5,0,0,603
CU6818,27.5,0,0,506
CU6818,25,0,0,406
CU6818,22.5,0,0,606
CU12217,1420.1,1550,17,1304
CU12217,1291,1395,18,1204
CU12217,1161.9,1705,19,1404
CU10228,333.3,1600,2,548
CU10228,303,1440,3,448
CU10228,272.7,1760,4,648
CU5589,2704.9,1201,1,3018
CU5589,2459,1080.9,2,2918
CU5589,2213.1,1321.1,3,3118
CU8819,27.5,0,0,0
CU8819,25,0,0,0
CU8819,22.5,0,0,0
CU3039,27.5,0,0,504
CU3039,25,0,0,404
CU3039,22.5,0,0,604
CU493,35.2,0,10,571
CU493,32,0,11,471
CU493,28.8,0,12,671
CU4923,27.5,0,10,525
CU4923,25,0,11,425
CU4923,22.5,0,12,625
CU2410,14667.4,7300,10,19225
CU2410,13334,6570,11,19125
CU2410,12000.6,8030,12,19325
CU740,4513.3,2151,0,7226
CU740,4103,1935.9,1,7126
CU740,3692.7,2366.1,2,7326
CU3093,27.5,0,0,593
CU3093,25,0,0,493
CU3093,22.5,0,0,693
CU9156,27.5,0,0,0
CU9156,25,0,0,0
CU9156,22.5,0,0,0
CU1161,2304.5,601,12,2628
CU1161,2095,540.9,13,2528
CU1161,1885.5,661.1,14,2728
CU8633,7729.7,0,2,7897
CU8633,7027,0,3,7797
CU8633,6324.3,0,4,7997
CU8920,680.9,201,7,631
CU8920,619,180.9,8,531
CU8920,557.1,221.1,9,731
CU513,27.5,0,0,504
CU513,25,0,0,404
CU513,22.5,0,0,604
CU15745,8397.4,0,1,14368
CU15745,7634,0,2,14268
CU15745,6870.6,0,3,14468
CU3976,27.5,0,0,0
CU3976,25,0,1,0
CU3976,22.5,0,2,0
CU5206,4538.6,5300,3,4664
CU5206,4126,4770,4,4564
CU5206,3713.4,5830,5,4764
CU12026,397.1,1350,14,390
CU12026,361,1215,15,290
CU12026,324.9,1485,16,490
CU14493,27.5,0,2,0
CU14493,25,0,3,0
CU14493,22.5,0,4,0
CU10208,1422.3,300,4,2171
CU10208,1293,270,5,2071
CU10208,1163.7,330,6,2271
CU4102,27.5,0,0,508
CU4102,25,0,0,408
CU4102,22.5,0,0,608
CU1202,2640,3060,12,3746
CU1202,2400,2754,13,3646
CU1202,2160,3366,14,3846
CU8212,27.5,0,0,0
CU8212,25,0,0,0
CU8212,22.5,0,0,0
CU4090,27.5,0,17,509
CU4090,25,0,18,409
CU4090,22.5,0,19,609
CU2870,27.5,7225,1,1747
CU2870,25,6502.5,2,1647
CU2870,22.5,7947.5,3,1847
CU13042,335.5,900,1,1520
CU13042,305,810,2,1420
CU13042,274.5,990,3,1620
CU15084,27.5,0,0,0
CU15084,25,0,0,0
CU15084,22.5,0,0,0
CU3913,27.5,0,14,65300
CU3913,25,0,15,65200
CU3913,22.5,0,16,65400
CU6304,27.5,0,0,720
CU6304,25,0,1,620
CU6304,22.5,0,2,820
CU726,27.5,23000,0,30329
CU726,25,20700,1,30229
CU726,22.5,25300,2,30429
CU1427,27.5,0,0,611
CU1427,25,0,1,511
CU1427,22.5,0,2,711
CU848,10937.3,20500,3,26330
CU848,9943,18450,4,26230
CU848,8948.7,22550,5,26430
CU12406,1007.6,750,8,925
CU12406,916,675,9,825
CU12406,824.4,825,10,1025
CU15015,27.5,0,0,0
CU15015,25,0,0,0
CU15015,22.5,0,0,0
CU9590,654.5,650,0,603
CU9590,595,585,1,503
CU9590,535.5,715,2,703
CU2507,1303.5,28300,0,1693
CU2507,1185,25470,1,1593
CU2507,1066.5,31130,2,1793
CU13551,27.5,250,3,0
CU13551,25,225,4,0
CU13551,22.5,275,5,0
CU7788,27.5,0,0,0
CU7788,25,0,1,0
CU7788,22.5,0,2,0
CU12361,27.5,251,13,8314
CU12361,25,225.9,14,8214
CU12361,22.5,276.1,15,8414
CU10508,27.5,0,0,0
CU10508,25,0,1,0
CU10508,22.5,0,2,0
CU14309,27.5,0,0,0
CU14309,25,0,0,0
CU14309,22.5,0,0,0
CU5679,474.1,1100,2,1566
CU5679,431,990,3,1466
CU5679,387.9,1210,4,1666
CU15979,27.5,0,3,0
CU15979,25,0,4,0
CU15979,22.5,0,5,0
CU12527,27.5,0,13,903
CU12527,25,0,14,803
CU12527,22.5,0,15,1003
CU1140,27.5,0,0,798
CU1140,25,0,0,698
CU1140,22.5,0,0,898
CU6871,27.5,0,3,1645
CU6871,25,0,4,1545
CU6871,22.5,0,5,1745
CU3070,12291.4,10300,2,12132
CU3070,11174,9270,3,12032
CU3070,10056.6,11330,4,12232
CU2941,27.5,0,0,504
CU2941,25,0,0,404
CU2941,22.5,0,0,604
CU11032,9342.3,9000,3,9718
CU11032,8493,8100,4,9618
CU11032,7643.7,9900,5,9818
CU3996,27.5,2877,0,5183
CU3996,25,2589.3,1,5083
CU3996,22.5,3164.7,2,5283
CU3065,15974.2,6282,11,15036
CU3065,14522,5653.8,12,14936
CU3065,13069.8,6910.2,13,15136
CU15033,27.5,700,6,185
CU15033,25,630,7,85
CU15033,22.5,770,8,285
CU11319,27.5,0,0,0
CU11319,25,0,0,0
CU11319,22.5,0,0,0
CU15694,27.5,0,1,0
CU15694,25,0,2,0
CU15694,22.5,0,3,0
CU14045,187,450,17,1159
CU14045,170,405,18,1059
CU14045,153,495,19,1259
CU2088,27.5,0,0,506
CU2088,25,0,0,406
CU2088,22.5,0,0,606
CU14690,27.5,0,1,360
CU14690,25,0,2,260
CU14690,22.5,0,3,460
CU3486,2141.7,3550,16,3040
CU3486,1947,3195,17,2940
CU3486,1752.3,3905,18,3140
CU2417,2662,1156,3,4276
CU2417,2420,1040.4,4,4176
CU2417,2178,1271.6,5,4376
CU4125,25656.4,13602,1,24350
CU4125,23324,12241.8,2,24250
CU4125,20991.6,14962.2,3,24450
CU5600,410.3,1501,10,1470
CU5600,373,1350.9,11,1370
CU5600,335.7,1651.1,12,1570
CU15532,27.5,2400,3,7939
CU15532,25,2160,4,7839
CU15532,22.5,2640,5,8039
CU15782,27.5,1000,0,0
CU15782,25,900,0,0
CU15782,22.5,1100,0,0
CU11615,27.5,500,3,214
CU11615,25,450,4,114
CU11615,22.5,550,5,314
CU6097,27.5,0,0,1080
CU6097,25,0,1,980
CU6097,22.5,0,2,1180
CU8359,2002,1200,2,3783
CU8359,1820,1080,3,3683
CU8359,1638,1320,4,3883
CU5511,27.5,2900,3,849
CU5511,25,2610,4,749
CU5511,22.5,3190,5,949
CU847,27.5,7644,1,98590
CU847,25,6879.6,2,98490
CU847,22.5,8408.4,3,98690
CU13966,27.5,0,2,0
CU13966,25,0,3,0
CU13966,22.5,0,4,0
CU11048,27.5,0,2,0
CU11048,25,0,3,0
CU11048,22.5,0,4,0
CU12283,27.5,600,11,566
CU12283,25,540,12,466
CU12283,22.5,660,13,666
CU34,155.1,11500,9,1581
CU34,141,10350,10,1481
CU34,126.9,12650,11,1681
CU8014,2517.9,251,10,2425
CU8014,2289,225.9,11,2325
CU8014,2060.1,276.1,12,2525
CU13411,27.5,0,0,0
CU13411,25,0,0,0
CU13411,22.5,0,0,0
CU14768,27.5,250,0,0
CU14768,25,225,0,0
CU14768,22.5,275,0,0
CU9789,27.5,22001,1,107253
CU9789,25,19800.9,2,107153
CU9789,22.5,24201.1,3,107353
CU2144,27.5,0,0,506
CU2144,25,0,0,406
CU2144,22.5,0,0,606
CU4291,207.9,0,8,232
CU4291,189,0,9,132
CU4291,170.1,0,10,332
CU2654,27.5,0,0,511
CU2654,25,0,0,411
CU2654,22.5,0,0,611
CU15784,13197.8,8500,2,12812
CU15784,11998,7650,3,12712
CU15784,10798.2,9350,4,12912
CU654,149.6,6200,0,655
CU654,136,5580,1,555
CU654,122.4,6820,2,755
CU12127,1685.2,3600,11,1800
CU12127,1532,3240,12,1700
CU12127,1378.8,3960,13,1900
CU2966,27.5,0,3,599
CU2966,25,0,4,499
CU2966,22.5,0,5,699
CU11392,27.5,0,12,111
CU11392,25,0,13,11
CU11392,22.5,0,14,211
CU11983,27.5,0,0,0
CU11983,25,0,0,0
CU11983,22.5,0,0,0
CU6028,1095.6,2200,0,24614
CU6028,996,1980,0,24514
CU6028,896.4,2420,0,24714
CU13388,27.5,0,0,1632
CU13388,25,0,0,1532
CU13388,22.5,0,0,1732
CU13386,297,1850,8,313
CU13386,270,1665,9,213
CU13386,243,2035,10,413
CU6607,1365.1,1450,1,2131
CU6607,1241,1305,2,2031
CU6607,1116.9,1595,3,2231
CU7331,27.5,0,3,1707
CU7331,25,0,4,1607
CU7331,22.5,0,5,1807
CU2624,14400.1,8850,3,16470
CU2624,13091,7965,4,16370
CU2624,11781.9,9735,5,16570
CU6389,27.5,0,3,636
CU6389,25,0,4,536
CU6389,22.5,0,5,736
CU100,8649.3,0,1,8628
CU100,7863,0,2,8528
CU100,7076.7,0,3,8728
CU8653,27.5,0,0,0
CU8653,25,0,0,0
CU8653,22.5,0,0,0
CU2639,27.5,0,2,2463
CU2639,25,0,3,2363
CU2639,22.5,0,4,2563
CU1330,27.5,7662,3,1745
CU1330,25,6895.8,4,1645
CU1330,22.5,8428.2,5,1845
CU6308,27.5,8400,2,2786
CU6308,25,7560,3,2686
CU6308,22.5,9240,4,2886
CU15141,27.5,2700,0,2690
CU15141,25,2430,1,2590
CU15141,22.5,2970,2,2790
CU15960,27.5,0,0,0
CU15960,25,0,1,0
CU15960,22.5,0,2,0
CU2806,27.5,0,1,702
CU2806,25,0,2,602
CU2806,22.5,0,3,802
CU7171,27.5,0,0,513
CU7171,25,0,1,413
CU7171,22.5,0,2,613
CU11941,27.5,0,0,990
CU11941,25,0,1,890
CU11941,22.5,0,2,1090
CU165,4896.1,2452,3,4963
CU165,4451,2206.8,4,4863
CU165,4005.9,2697.2,5,5063
CU8559,1266.1,0,3,1661
CU8559,1151,0,4,1561
CU8559,1035.9,0,5,1761
CU12595,6206.2,2700,3,5662
CU12595,5642,2430,4,5562
CU12595,5077.8,2970,5,5762
CU4385,141.9,0,6,638
CU4385,129,0,7,538
CU4385,116.1,0,8,738
CU5852,4050.2,0,0,4336
CU5852,3682,0,1,4236
CU5852,3313.8,0,2,4436
CU5859,27.5,0,0,508
CU5859,25,0,0,408
CU5859,22.5,0,0,608
CU1891,27.5,0,0,549
CU1891,25,0,1,449
CU1891,22.5,0,2,649
CU3889,27.5,0,0,506
CU3889,25,0,0,406
CU3889,22.5,0,0,606
CU14108,27.5,0,0,0
CU14108,25,0,0,0
CU14108,22.5,0,0,0
CU6575,11044,0,0,10547
CU6575,10040,0,0,10447
CU6575,9036,0,0,10647
CU5548,11338.8,5200,9,20375
CU5548,10308,4680,10,20275
CU5548,9277.2,5720,11,20475
CU5632,25823.6,5036,8,24628
CU5632,23476,4532.4,9,24528
CU5632,21128.4,5539.6,10,24728
CU10961,27.5,0,1,0
CU10961,25,0,2,0
CU10961,22.5,0,3,0
CU6522,27.5,1200,14,396
CU6522,25,1080,15,296
CU6522,22.5,1320,16,496
CU15421,27.5,0,0,0
CU15421,25,0,0,0
CU15421,22.5,0,0,0
CU11086,27.5,0,0,0
CU11086,25,0,0,0
CU11086,22.5,0,0,0
CU3971,3917.1,7400,3,4082
CU3971,3561,6660,4,3982
CU3971,3204.9,8140,5,4182
CU10565,27.5,0,0,0
CU10565,25,0,0,0
CU10565,22.5,0,0,0
CU2587,5788.2,5369,3,5775
CU2587,5262,4832.1,4,5675
CU2587,4735.8,5905.9,5,5875
CU4668,1757.8,0,12,2113
CU4668,1598,0,13,2013
CU4668,1438.2,0,14,2213
CU14336,27.5,0,0,372
CU14336,25,0,1,272
CU14336,22.5,0,2,472
CU6781,182.6,1500,10,277
CU6781,166,1350,11,177
CU6781,149.4,1650,12,377
CU491,27.5,3686,0,958
CU491,25,3317.4,1,858
CU491,22.5,4054.6,2,1058
CU1037,27.5,0,0,504
CU1037,25,0,0,404
CU1037,22.5,0,0,604
CU14713,60.5,600,1,328
CU14713,55,540,2,228
CU14713,49.5,660,3,428
CU11028,27.5,0,0,260
CU11028,25,0,1,160
CU11028,22.5,0,2,360
CU10370,27.5,0,1,0
CU10370,25,0,2,0
CU10370,22.5,0,3,0
CU10377,27.5,0,0,0
CU10377,25,0,0,0
CU10377,22.5,0,0,0
CU6040,464.2,6000,16,9623
CU6040,422,5400,17,9523
CU6040,379.8,6600,18,9723
CU2605,27.5,0,0,506
CU2605,25,0,0,406
CU2605,22.5,0,0,606
CU13713,27.5,500,1,729
CU13713,25,450,2,629
CU13713,22.5,550,3,829
CU9913,27.5,200,10,147
CU9913,25,180,11,47
CU9913,22.5,220,12,247
CU790,27.5,16141,1,560
CU790,25,14526.9,2,460
CU790,22.5,17755.1,3,660
CU1531,9176.2,1293,5,9170
CU1531,8342,1163.7,6,9070
CU1531,7507.8,1422.3,7,9270
CU6957,4792.7,2056,3,4866
CU6957,4357,1850.4,4,4766
CU6957,3921.3,2261.6,5,4966
CU10308,27.5,0,1,0
CU10308,25,0,2,0
CU10308,22.5,0,3,0
CU2714,35.2,1000,3,624
CU2714,32,900,4,524
CU2714,28.8,1100,5,724
CU13730,27.5,0,0,0
CU13730,25,0,0,0
CU13730,22.5,0,0,0
CU1141,15127.2,8450,2,13972
CU1141,13752,7605,3,13872
CU1141,12376.8,9295,4,14072
CU6623,1453.1,4309,3,1828
CU6623,1321,3878.1,4,1728
CU6623,1188.9,4739.9,5,1928
CU10020,27.5,0,13,679
CU10020,25,0,14,579
CU10020,22.5,0,15,779
CU2703,2382.6,6700,1,29373
CU2703,2166,6030,2,29273
CU2703,1949.4,7370,3,29473
CU885,3637.7,0,1,3998
CU885,3307,0,2,3898
CU885,2976.3,0,3,4098
CU3239,27.5,6501,0,760
CU3239,25,5850.9,1,660
CU3239,22.5,7151.1,2,860
CU3441,687.5,300,0,2122
CU3441,625,270,1,2022
CU3441,562.5,330,2,2222
CU7412,27.5,2201,0,431
CU7412,25,1980.9,0,331
CU7412,22.5,2421.1,0,531
CU3147,27.5,1956,0,717
CU3147,25,1760.4,1,617
CU3147,22.5,2151.6,2,817
CU14708,27.5,650,6,0
CU14708,25,585,7,0
CU14708,22.5,715,8,0
CU3461,8303.9,8900,11,8282
CU3461,7549,8010,12,8182
CU3461,6794.1,9790,13,8382
CU8520,27.5,4450,12,29042
CU8520,25,4005,13,28942
CU8520,22.5,4895,14,29142
CU4009,27.5,0,0,506
CU4009,25,0,0,406
CU4009,22.5,0,0,606
CU3587,27.5,0,0,529
CU3587,25,0,0,429
CU3587,22.5,0,0,629
CU6758,21292.7,4040,0,20226
CU6758,19357,3636,0,20126
CU6758,17421.3,4444,0,20326
CU14746,27.5,500,11,224
CU14746,25,450,12,124
CU14746,22.5,550,13,324
CU13188,27.5,0,2,0
CU13188,25,0,3,0
CU13188,22.5,0,4,0
CU14965,1503.7,2100,1,1375
CU14965,1367,1890,2,1275
CU14965,1230.3,2310,3,1475
CU15852,27.5,0,0,0
CU15852,25,0,0,0
CU15852,22.5,0,0,0
CU6275,27.5,0,3,2793
CU6275,25,0,4,2693
CU6275,22.5,0,5,2893
CU12404,27.5,0,0,0
CU12404,25,0,0,0
CU12404,22.5,0,0,0
CU14487,316.8,500,1,311
CU14487,288,450,2,211
CU14487,259.2,550,3,411
CU9791,27.5,0,1,564
CU9791,25,0,2,464
CU9791,22.5,0,3,664
CU8696,27.5,1950,0,265
CU8696,25,1755,1,165
CU8696,22.5,2145,2,365
CU4715,668.8,900,9,1115
CU4715,608,810,10,1015
CU4715,547.2,990,11,1215
CU4020,8553.6,14000,7,11201
CU4020,7776,12600,8,11101
CU4020,6998.4,15400,9,11301
CU6365,27.5,8500,8,0
CU6365,25,7650,9,0
CU6365,22.5,9350,10,0
CU7974,27.5,0,0,0
CU7974,25,0,0,0
CU7974,22.5,0,0,0
CU5712,27.5,0,0,554
CU5712,25,0,0,454
CU5712,22.5,0,0,654
CU14018,27.5,1400,2,5409
CU14018,25,1260,3,5309
CU14018,22.5,1540,4,5509
CU11034,27.5,0,0,0
CU11034,25,0,1,0
CU11034,22.5,0,2,0
CU3197,3712.5,4900,2,4643
CU3197,3375,4410,3,4543
CU3197,3037.5,5390,4,4743
CU11501,27.5,500,7,667
CU11501,25,450,8,567
CU11501,22.5,550,9,767
CU3044,27.5,0,0,514
CU3044,25,0,1,414
CU3044,22.5,0,2,614
CU9404,27.5,0,0,0
CU9404,25,0,0,0
CU9404,22.5,0,0,0
CU9988,27.5,0,0,0
CU9988,25,0,0,0
CU9988,22.5,0,0,0
CU12672,154,400,3,152
CU12672,140,360,4,52
CU12672,126,440,5,252
CU14893,27.5,200,0,0
CU14893,25,180,1,0
CU14893,22.5,220,2,0
CU2491,27.5,0,2,534
CU2491,25,0,3,434
CU2491,22.5,0,4,634
CU12216,27.5,0,0,0
CU12216,25,0,1,0
CU12216,22.5,0,2,0
CU5319,27.5,0,0,504
CU5319,25,0,0,404
CU5319,22.5,0,0,604
CU15879,27.5,0,0,0
CU15879,25,0,0,0
CU15879,22.5,0,0,0
CU2269,3627.8,5100,2,3822
CU2269,3298,4590,3,3722
CU2269,2968.2,5610,4,3922
CU7814,27.5,0,0,579
CU7814,25,0,1,479
CU7814,22.5,0,2,679
CU12180,127.6,0,3,123
CU12180,116,0,4,23
CU12180,104.4,0,5,223
CU8450,27.5,0,0,0
CU8450,25,0,1,0
CU8450,22.5,0,2,0
CU2536,27.5,0,0,0
CU2536,25,0,0,0
CU2536,22.5,0,0,0
CU4153,27.5,0,0,933
CU4153,25,0,1,833
CU4153,22.5,0,2,1033
CU10477,309.1,0,3,292
CU10477,281,0,4,192
CU10477,252.9,0,5,392
CU13221,27.5,0,0,0
CU13221,25,0,0,0
CU13221,22.5,0,0,0
CU12128,27.5,0,0,0
CU12128,25,0,1,0
CU12128,22.5,0,2,0
CU12235,27.5,0,2,0
CU12235,25,0,3,0
CU12235,22.5,0,4,0
CU1935,27.5,0,5,1991
CU1935,25,0,6,1891
CU1935,22.5,0,7,2091
CU8589,27.5,16100,3,1749
CU8589,25,14490,4,1649
CU8589,22.5,17710,5,1849
CU9823,27.5,0,0,504
CU9823,25,0,0,404
CU9823,22.5,0,0,604
CU12175,147.4,500,3,625
CU12175,134,450,4,525
CU12175,120.6,550,5,725
CU7924,291.5,650,16,278
CU7924,265,585,17,178
CU7924,238.5,715,18,378
CU14284,27.5,0,0,0
CU14284,25,0,1,0
CU14284,22.5,0,2,0
CU14620,1520.2,501,7,1636
CU14620,1382,450.9,8,1536
CU14620,1243.8,551.1,9,1736
CU15186,27.5,600,1,757
CU15186,25,540,2,657
CU15186,22.5,660,3,857
CU5165,1445.4,2400,2,2299
CU5165,1314,2160,3,2199
CU5165,1182.6,2640,4,2399
CU5938,27.5,0,3,514
CU5938,25,0,4,414
CU5938,22.5,0,5,614
CU3296,292.6,9550,11,33850
CU3296,266,8595,12,33750
CU3296,239.4,10505,13,33950
CU1069,27.5,0,0,504
CU1069,25,0,0,404
CU1069,22.5,0,0,604
CU13543,27.5,1750,9,249
CU13543,25,1575,10,149
CU13543,22.5,1925,11,349
CU11717,37.4,0,0,0
CU11717,34,0,0,0
CU11717,30.6,0,0,0
CU5928,507.1,0,0,965
CU5928,461,0,0,865
CU5928,414.9,0,0,1065
CU10012,27.5,0,0,0
CU10012,25,0,0,0
CU10012,22.5,0,0,0
CU197,27.5,0,0,598
CU197,25,0,0,498
CU197,22.5,0,0,698
CU476,1612.6,0,0,1971
CU476,1466,0,0,1871
CU476,1319.4,0,0,2071
CU9110,27.5,0,0,0
CU9110,25,0,0,0
CU9110,22.5,0,0,0
CU7291,2118.6,5100,3,2570
CU7291,1926,4590,4,2470
CU7291,1733.4,5610,5,2670
CU7148,226.6,750,2,725
CU7148,206,675,3,625
CU7148,185.4,825,4,825
CU9648,27.5,0,4,0
CU9648,25,0,5,0
CU9648,22.5,0,6,0
CU1055,100.1,0,12,618
CU1055,91,0,13,518
CU1055,81.9,0,14,718
CU749,469.7,24500,2,52378
CU749,427,22050,3,52278
CU749,384.3,26950,4,52478
CU12581,27.5,1200,3,683
CU12581,25,1080,4,583
CU12581,22.5,1320,5,783
CU1731,14437.5,24000,2,46108
CU1731,13125,21600,3,46008
CU1731,11812.5,26400,4,46208
CU1881,27.5,0,0,532
CU1881,25,0,1,432
CU1881,22.5,0,2,632
CU400,12431.1,3333,3,14559
CU400,11301,2999.7,4,14459
CU400,10170.9,3666.3,5,14659
CU4172,1526.8,401,1,1899
CU4172,1388,360.9,2,1799
CU4172,1249.2,441.1,3,1999
CU10006,27.5,0,0,0
CU10006,25,0,0,0
CU10006,22.5,0,0,0
CU15957,27.5,0,11,0
CU15957,25,0,12,0
CU15957,22.5,0,13,0
CU10540,27.5,0,0,0
CU10540,25,0,0,0
CU10540,22.5,0,0,0
CU11020,245.3,0,1,507
CU11020,223,0,2,407
CU11020,200.7,0,3,607
CU3091,27.5,0,0,510
CU3091,25,0,1,410
CU3091,22.5,0,2,610
CU4994,3198.8,4000,1,5674
CU4994,2908,3600,2,5574
CU4994,2617.2,4400,3,5774
CU11201,27.5,201,0,0
CU11201,25,180.9,0,0
CU11201,22.5,221.1,0,0
CU11171,27.5,0,0,0
CU11171,25,0,0,0
CU11171,22.5,0,0,0
CU1245,627,14001,3,1101
CU1245,570,12600.9,4,1001
CU1245,513,15401.1,5,1201
CU15866,27.5,250,1,0
CU15866,25,225,2,0
CU15866,22.5,275,3,0
CU14631,471.9,500,3,451
CU14631,429,450,4,351
CU14631,386.1,550,5,551
CU8908,27.5,0,2,161
CU8908,25,0,3,61
CU8908,22.5,0,4,261
CU929,27.5,0,0,507
CU929,25,0,0,407
CU929,22.5,0,0,607
CU11849,2158.2,0,7,2024
CU11849,1962,0,8,1924
CU11849,1765.8,0,9,2124
CU12777,27.5,550,7,935
CU12777,25,495,8,835
CU12777,22.5,605,9,1035
CU6027,27.5,0,0,504
CU6027,25,0,0,404
CU6027,22.5,0,0,604
CU672,227.7,1600,8,246
CU672,207,1440,9,146
CU672,186.3,1760,10,346
CU4165,27.5,0,0,507
CU4165,25,0,0,407
CU4165,22.5,0,0,607
CU11854,27.5,750,1,0
CU11854,25,675,2,0
CU11854,22.5,825,3,0
CU1832,27.5,19500,2,2914
CU1832,25,17550,3,2814
CU1832,22.5,21450,4,3014
CU12518,107.8,500,6,106
CU12518,98,450,7,6
CU12518,88.2,550,8,206
CU10801,27.5,350,2,0
CU10801,25,315,3,0
CU10801,22.5,385,4,0
CU8880,174.9,0,0,168
CU8880,159,0,0,68
CU8880,143.1,0,0,268
CU1745,27.5,0,0,605
CU1745,25,0,1,505
CU1745,22.5,0,2,705
CU6439,27.5,0,2,2254
CU6439,25,0,3,2154
CU6439,22.5,0,4,2354
CU6117,20551.3,2250,1,20571
CU6117,18683,2025,2,20471
CU6117,16814.7,2475,3,20671
CU3433,27.5,0,0,506
CU3433,25,0,0,406
CU3433,22.5,0,0,606
CU1901,243.1,3900,11,989
CU1901,221,3510,12,889
CU1901,198.9,4290,13,1089
CU4549,27.5,0,0,506
CU4549,25,0,0,406
CU4549,22.5,0,0,606
CU9143,27.5,0,0,0
CU9143,25,0,0,0
CU9143,22.5,0,0,0
CU14215,27.5,0,0,314
CU14215,25,0,0,214
CU14215,22.5,0,0,414
CU13111,27.5,0,0,0
CU13111,25,0,1,0
CU13111,22.5,0,2,0
CU3777,27.5,0,0,504
CU3777,25,0,0,404
CU3777,22.5,0,0,604
CU4410,503.8,14455,6,1263
CU4410,458,13009.5,7,1163
CU4410,412.2,15900.5,8,1363
CU2332,27.5,4650,10,41670
CU2332,25,4185,11,41570
CU2332,22.5,5115,12,41770
CU4877,27.5,1250,8,1775
CU4877,25,1125,9,1675
CU4877,22.5,1375,10,1875
CU172,191.4,1201,0,683
CU172,174,1080.9,1,583
CU172,156.6,1321.1,2,783
CU9897,27.5,0,1,0
CU9897,25,0,2,0
CU9897,22.5,0,3,0
CU5458,27.5,0,0,513
CU5458,25,0,1,413
CU5458,22.5,0,2,613
CU9328,27.5,0,0,1303
CU9328,25,0,1,1203
CU9328,22.5,0,2,1403
CU11667,25,945,3,111
CU11667,22.5,1155,4,311
CU12797,27.5,3500,1,1156
CU12797,25,3150,2,1056
CU12797,22.5,3850,3,1256
CU12915,27.5,870,5,593
CU12915,25,783,6,493
CU12915,22.5,957,7,693
CU3134,27.5,4710,3,3508
CU3134,25,4239,4,3408
CU3134,22.5,5181,5,3608
CU3619,974.6,17550,12,2151
CU3619,886,15795,13,2051
CU3619,797.4,19305,14,2251
CU11176,27.5,750,1,101
CU11176,25,675,2,1
CU11176,22.5,825,3,201
CU7973,27.5,650,2,318
CU7973,25,585,3,218
CU7973,22.5,715,4,418
CU5376,27.5,11350,6,871
CU5376,25,10215,7,771
CU5376,22.5,12485,8,971
CU13601,27.5,2330,3,1247
CU13601,25,2097,4,1147
CU13601,22.5,2563,5,1347
CU7015,27.5,600,3,838
CU7015,25,540,4,738
CU7015,22.5,660,5,938
CU985,27.5,8350,0,567
CU985,25,7515,1,467
CU985,22.5,9185,2,667
CU7294,27.5,9800,2,2185
CU7294,25,8820,3,2085
CU7294,22.5,10780,4,2285
CU8598,27.5,1200,3,251
CU8598,25,1080,4,151
CU8598,22.5,1320,5,351
CU3237,27.5,2318,1,1558
CU3237,25,2086.2,2,1458
CU3237,22.5,2549.8,3,1658
CU11608,27.5,2050,17,1314
CU11608,25,1845,18,1214
CU11608,22.5,2255,19,1414
CU12512,12739.1,500,7,11602
CU12512,11581,450,8,11502
CU12512,10422.9,550,9,11702
CU5807,2341.9,10049,1,87304
CU5807,2129,9044.1,2,87204
CU5807,1916.1,11053.9,3,87404
CU1965,27.5,1950,2,1787
CU1965,25,1755,3,1687
CU1965,22.5,2145,4,1887
CU8296,460.9,22000,2,12933
CU8296,419,19800,3,12833
CU8296,377.1,24200,4,13033
CU15411,45.1,500,4,0
CU15411,41,450,5,0
CU15411,36.9,550,6,0
CU1732,8082.8,3800,3,9120
CU1732,7348,3420,4,9020
CU1732,6613.2,4180,5,9220
CU7828,27.5,500,14,113
CU7828,25,450,15,13
CU7828,22.5,550,16,213
CU3434,952.6,3000,3,2702
CU3434,866,2700,4,2602
CU3434,779.4,3300,5,2802
CU2110,315.7,7500,1,5126
CU2110,287,6750,2,5026
CU2110,258.3,8250,3,5226
CU10119,97.9,600,3,173
CU10119,89,540,4,73
CU10119,80.1,660,5,273
CU13588,27.5,500,3,0
CU13588,25,450,4,0
CU13588,22.5,550,5,0
CU11688,27.5,2100,2,662
CU11688,25,1890,3,562
CU11688,22.5,2310,4,762
CU5758,246.4,904,16,898
CU5758,224,813.6,17,798
CU5758,201.6,994.4,18,998
CU8144,27.5,850,0,0
CU8144,25,765,0,0
CU8144,22.5,935,0,0
CU12577,50.6,750,15,195
CU12577,46,675,16,95
CU12577,41.4,825,17,295
CU840,27.5,16800,2,670
CU840,25,15120,3,570
CU840,22.5,18480,4,770
CU14912,27.5,750,2,213
CU14912,25,675,3,113
CU14912,22.5,825,4,313
CU12021,27.5,2400,3,269
CU12021,25,2160,4,169
CU12021,22.5,2640,5,369
CU10386,27.5,2200,2,1044
CU10386,25,1980,3,944
CU10386,22.5,2420,4,1144
CU793,27.5,24600,3,14975
CU793,25,22140,4,14875
CU793,22.5,27060,5,15075
CU10041,27.5,250,2,702
CU10041,25,225,3,602
CU10041,22.5,275,4,802
CU8038,27.5,1050,14,723
CU8038,25,945,15,623
CU8038,22.5,1155,16,823
CU13259,27.5,700,11,211
CU13259,25,630,12,111
CU13259,22.5,770,13,311
CU15002,27.5,250,15,206
CU15002,25,225,16,106
CU15002,22.5,275,17,306
CU6614,27.5,1400,15,1190
CU6614,25,1260,16,1090
CU6614,22.5,1540,17,1290
CU11541,27.5,750,14,134
CU11541,25,675,15,34
CU11541,22.5,825,16,234
CU3801,149.6,21600,1,8613
CU3801,136,19440,2,8513
CU3801,122.4,23760,3,8713
CU14339,124.3,400,1,135
CU14339,113,360,2,35
CU14339,101.7,440,3,235
CU11632,27.5,250,8,197
CU11632,25,225,9,97
CU11632,22.5,275,10,297
CU3373,48.4,15000,3,3110
CU3373,44,13500,4,3010
CU3373,39.6,16500,5,3210
CU3592,27.5,7800,3,668
CU3592,25,7020,4,568
CU3592,22.5,8580,5,768
CU1590,27.5,3007,2,1032
CU1590,25,2706.3,3,932
CU1590,22.5,3307.7,4,1132
CU5992,1570.8,9100,1,77470
CU5992,1428,8190,2,77370
CU5992,1285.2,10010,3,77570
CU5870,27.5,1050,2,998
CU5870,25,945,3,898
CU5870,22.5,1155,4,1098
CU2134,1096.7,16201,2,8268
CU2134,997,14580.9,3,8168
CU2134,897.3,17821.1,4,8368
CU5091,27.5,5166,1,4983
CU5091,25,4649.4,2,4883
CU5091,22.5,5682.6,3,5083
CU5282,27.5,650,5,348
CU5282,25,585,6,248
CU5282,22.5,715,7,448
CU6578,27.5,500,1,0
CU6578,25,450,2,0
CU6578,22.5,550,3,0
CU14632,27.5,300,2,311
CU14632,25,270,3,211
CU14632,22.5,330,4,411
CU6503,25402.3,27000,1,29601
CU6503,23093,24300,2,29501
CU6503,20783.7,29700,3,29701
CU12010,27.5,8000,11,2176
CU12010,25,7200,12,2076
CU12010,22.5,8800,13,2276
CU5120,27.5,2000,1,1418
CU5120,25,1800,2,1318
CU5120,22.5,2200,3,1518
CU15325,27.5,1100,2,323
CU15325,25,990,3,223
CU15325,22.5,1210,4,423
CU8599,27.5,1850,3,914
CU8599,25,1665,4,814
CU8599,22.5,2035,5,1014
CU2194,27.5,1972,1,807
CU2194,25,1774.8,2,707
CU2194,22.5,2169.2,3,907
CU15061,1263.9,5100,4,1967
CU15061,1149,4590,5,1867
CU15061,1034.1,5610,6,2067
CU4913,27.5,2050,2,1250
CU4913,25,1845,3,1150
CU4913,22.5,2255,4,1350
CU14853,27.5,500,2,201
CU14853,25,450,3,101
CU14853,22.5,550,4,301
CU13817,27.5,500,8,0
CU13817,25,450,9,0
CU13817,22.5,550,10,0
CU4126,28.6,3400,3,1775
CU4126,26,3060,4,1675
CU4126,23.4,3740,5,1875
CU13373,27.5,500,3,145
CU13373,25,450,4,45
CU13373,22.5,550,5,245
CU6380,27.5,2550,2,1401
CU6380,25,2295,3,1301
CU6380,22.5,2805,4,1501
CU267,596.2,2968,1,2276
CU267,542,2671.2,2,2176
CU267,487.8,3264.8,3,2376
CU2361,27.5,500,11,180
CU2361,25,450,12,80
CU2361,22.5,550,13,280
CU11797,27.5,5200,1,2618
CU11797,25,4680,2,2518
CU11797,22.5,5720,3,2718
CU225,27.5,3100,1,1046
CU225,25,2790,2,946
CU225,22.5,3410,3,1146
CU11596,27.5,1250,11,441
CU11596,25,1125,12,341
CU11596,22.5,1375,13,541
CU11214,27.5,750,7,333
CU11214,25,675,8,233
CU11214,22.5,825,9,433
CU967,104.5,4750,4,1392
CU967,95,4275,5,1292
CU967,85.5,5225,6,1492
CU685,27.5,2401,3,3702
CU685,25,2160.9,4,3602
CU685,22.5,2641.1,5,3802
CU15165,366.3,500,1,444
CU15165,333,450,2,344
CU15165,299.7,550,3,544
CU9932,27.5,700,4,250
CU9932,25,630,5,150
CU9932,22.5,770,6,350
CU12479,27.5,650,0,0
CU12479,25,585,1,0
CU12479,22.5,715,2,0
CU8259,27.5,540,16,246
CU8259,25,486,17,146
CU8259,22.5,594,18,346
CU13121,27.5,250,5,0
CU13121,25,225,6,0
CU13121,22.5,275,7,0
CU14887,27.5,9000,0,4993
CU14887,25,8100,1,4893
CU14887,22.5,9900,2,5093
CU1547,22.5,1589.5,3,1428
CU1722,27.5,750,0,502
CU1722,25,675,1,402
CU1722,22.5,825,2,602
CU129,27.5,0,0,713
CU129,25,0,1,613
CU129,22.5,0,2,813
CU15240,27.5,0,0,0
CU15240,25,0,0,0
CU15240,22.5,0,0,0
CU13184,27.5,2950,3,1364
CU13184,25,2655,4,1264
CU13184,22.5,3245,5,1464
CU3113,27.5,0,0,602
CU3113,25,0,1,502
CU3113,22.5,0,2,702
CU11108,332.2,500,2,329
CU11108,302,450,3,229
CU11108,271.8,550,4,429
CU5201,27.5,0,0,503
CU5201,25,0,1,403
CU5201,22.5,0,2,603
CU14670,27.5,0,1,0
CU14670,25,0,2,0
CU14670,22.5,0,3,0
CU10375,27.5,0,4,55548
CU10375,25,0,5,55448
CU10375,22.5,0,6,55648
CU13664,27.5,301,0,0
CU13664,25,270.9,0,0
CU13664,22.5,331.1,0,0
CU7426,27.5,0,0,0
CU7426,25,0,0,0
CU7426,22.5,0,0,0
CU8916,27.5,0,0,0
CU8916,25,0,1,0
CU8916,22.5,0,2,0
CU14750,27.5,1700,14,829
CU14750,25,1530,15,729
CU14750,22.5,1870,16,929
CU7922,108.9,550,15,109
CU7922,99,495,16,9
CU7922,89.1,605,17,209
CU11324,278.3,500,1,262
CU11324,253,450,2,162
CU11324,227.7,550,3,362
CU7481,8298.4,250,13,8082
CU7481,7544,225,14,7982
CU7481,6789.6,275,15,8182
CU14507,398.2,0,5,370
CU14507,362,0,6,270
CU14507,325.8,0,7,470
CU1704,303.6,4000,3,917
CU1704,276,3600,4,817
CU1704,248.4,4400,5,1017
CU8915,27.5,0,0,0
CU8915,25,0,0,0
CU8915,22.5,0,0,0
CU15828,27.5,0,0,505
CU15828,25,0,0,405
CU15828,22.5,0,0,605
CU135,259.6,0,3,748
CU135,236,0,4,648
CU135,212.4,0,5,848
CU876,10114.5,2550,1,10426
CU876,9195,2295,2,10326
CU876,8275.5,2805,3,10526
CU3852,27.5,0,0,502
CU3852,25,0,0,402
CU3852,22.5,0,0,602
CU72,6630.8,26300,15,7794
CU72,6028,23670,16,7694
CU72,5425.2,28930,17,7894
CU10011,184.8,6500,2,1672
CU10011,168,5850,3,1572
CU10011,151.2,7150,4,1772
CU13908,27.5,0,5,301
CU13908,25,0,6,201
CU13908,22.5,0,7,401
CU7244,27.5,0,0,507
CU7244,25,0,0,407
CU7244,22.5,0,0,607
CU2943,2182.4,1956,9,2648
CU2943,1984,1760.4,10,2548
CU2943,1785.6,2151.6,11,2748
CU9663,27.5,0,1,0
CU9663,25,0,2,0
CU9663,22.5,0,3,0
CU13887,27.5,0,0,0
CU13887,25,0,1,0
CU13887,22.5,0,2,0
CU12409,27.5,600,2,655
CU12409,25,540,3,555
CU12409,22.5,660,4,755
CU5795,27.5,0,0,506
CU5795,25,0,0,406
CU5795,22.5,0,0,606
CU10855,297,0,16,745
CU10855,270,0,17,645
CU10855,243,0,18,845
CU14560,169.4,2300,1,944
CU14560,154,2070,2,844
CU14560,138.6,2530,3,1044
CU6556,1964.6,0,0,2324
CU6556,1786,0,1,2224
CU6556,1607.4,0,2,2424
CU1065,27.5,0,0,504
CU1065,25,0,0,404
CU1065,22.5,0,0,604
CU15231,3444.1,0,13,3138
CU15231,3131,0,14,3038
CU15231,2817.9,0,15,3238
CU6993,93.5,0,0,590
CU6993,85,0,1,490
CU6993,76.5,0,2,690
CU259,259.6,500,13,793
CU259,236,450,14,693
CU259,212.4,550,15,893
CU27,27.5,0,0,506
CU27,25,0,0,406
CU27,22.5,0,0,606
CU12567,27.5,0,0,0
CU12567,25,0,0,0
CU12567,22.5,0,0,0
CU10707,237.6,500,2,238
CU10707,216,450,3,138
CU10707,194.4,550,4,338
CU5262,2686.2,10150,5,10846
CU5262,2442,9135,6,10746
CU5262,2197.8,11165,7,10946
CU14153,27.5,0,0,0
CU14153,25,0,0,0
CU14153,22.5,0,0,0
CU4663,5704.6,3858,8,5859
CU4663,5186,3472.2,9,5759
CU4663,4667.4,4243.8,10,5959
CU7200,27.5,0,1,713
CU7200,25,0,2,613
CU7200,22.5,0,3,813
CU10410,27.5,0,0,0
CU10410,25,0,0,0
CU10410,22.5,0,0,0
CU339,27.5,17001,13,21264
CU339,25,15300.9,14,21164
CU339,22.5,18701.1,15,21364
CU13739,27.5,0,0,0
CU13739,25,0,0,0
CU13739,22.5,0,0,0
CU6291,17846.4,2850,15,16743
CU6291,16224,2565,16,16643
CU6291,14601.6,3135,17,16843
CU14851,27.5,0,0,0
CU14851,25,0,0,0
CU14851,22.5,0,0,0
CU3323,27.5,0,0,506
CU3323,25,0,0,406
CU3323,22.5,0,0,606
CU9347,27.5,501,0,8946
CU9347,25,450.9,1,8846
CU9347,22.5,551.1,2,9046
CU3376,64.9,0,1,578
CU3376,59,0,2,478
CU3376,53.1,0,3,678
CU9374,27.5,6300,2,743
CU9374,25,5670,3,643
CU9374,22.5,6930,4,843
CU7767,27.5,0,0,0
CU7767,25,0,1,0
CU7767,22.5,0,2,0
CU2769,27.5,0,0,619
CU2769,25,0,1,519
CU2769,22.5,0,2,719
CU8536,27.5,0,0,507
CU8536,25,0,0,407
CU8536,22.5,0,0,607
CU12702,27.5,0,0,0
CU12702,25,0,0,0
CU12702,22.5,0,0,0
CU11325,27.5,250,0,0
CU11325,25,225,1,0
CU11325,22.5,275,2,0
CU1653,27.5,9850,17,1075
CU1653,25,8865,18,975
CU1653,22.5,10835,19,1175
CU15780,27.5,1900,3,44737
CU15780,25,1710,4,44637
CU15780,22.5,2090,5,44837
CU2799,27.5,0,1,506
CU2799,25,0,2,406
CU2799,22.5,0,3,606
CU6859,3477.1,11635,11,4131
CU6859,3161,10471.5,12,4031
CU6859,2844.9,12798.5,13,4231
CU3537,27.5,1350,2,1543
CU3537,25,1215,3,1443
CU3537,22.5,1485,4,1643
CU5726,5933.4,25000,2,54082
CU5726,5394,22500,3,53982
CU5726,4854.6,27500,4,54182
CU3892,27.5,0,0,507
CU3892,25,0,0,407
CU3892,22.5,0,0,607
CU7791,27.5,0,5,607
CU7791,25,0,6,507
CU7791,22.5,0,7,707
CU73,1177,1600,4,2022
CU73,1070,1440,5,1922
CU73,963,1760,6,2122
CU8218,27.5,0,0,0
CU8218,25,0,0,0
CU8218,22.5,0,0,0
CU5460,27.5,0,0,547
CU5460,25,0,1,447
CU5460,22.5,0,2,647
CU8921,27.5,800,2,0
CU8921,25,720,3,0
CU8921,22.5,880,4,0
CU10655,27.5,250,1,245
CU10655,25,225,2,145
CU10655,22.5,275,3,345
CU14743,27.5,0,0,0
CU14743,25,0,1,0
CU14743,22.5,0,2,0
CU15069,27.5,0,0,0
CU15069,25,0,1,0
CU15069,22.5,0,2,0
CU9515,27.5,0,0,44544
CU9515,25,0,0,44444
CU9515,22.5,0,0,44644
CU2,27.5,0,0,542
CU2,25,0,0,442
CU2,22.5,0,0,642
CU8064,27.5,4900,3,677
CU8064,25,4410,4,577
CU8064,22.5,5390,5,777
CU7394,27.5,950,1,2206
CU7394,25,855,2,2106
CU7394,22.5,1045,3,2306
CU6250,27.5,26600,11,7866
CU6250,25,23940,12,7766
CU6250,22.5,29260,13,7966
CU4176,8948.5,17750,3,11922
CU4176,8135,15975,4,11822
CU4176,7321.5,19525,5,12022
CU3095,27.5,17700,2,31444
CU3095,25,15930,3,31344
CU3095,22.5,19470,4,31544
CU12821,27.5,0,2,0
CU12821,25,0,3,0
CU12821,22.5,0,4,0
CU7070,27.5,0,0,377
CU7070,25,0,1,277
CU7070,22.5,0,2,477
CU2611,146.3,750,8,657
CU2611,133,675,9,557
CU2611,119.7,825,10,757
CU4309,27.5,0,2,528
CU4309,25,0,3,428
CU4309,22.5,0,4,628
CU9839,5155.7,900,0,4694
CU9839,4687,810,1,4594
CU9839,4218.3,990,2,4794
CU13678,972.4,500,14,895
CU13678,884,450,15,795
CU13678,795.6,550,16,995
CU15455,27.5,500,5,158
CU15455,25,450,6,58
CU15455,22.5,550,7,258
CU13442,31.9,250,2,0
CU13442,29,225,3,0
CU13442,26.1,275,4,0
CU6543,27.5,0,3,806
CU6543,25,0,4,706
CU6543,22.5,0,5,906
CU14250,27.5,0,3,0
CU14250,25,0,4,0
CU14250,22.5,0,5,0
CU4808,10077.1,3301,0,12470
CU4808,9161,2970.9,1,12370
CU4808,8244.9,3631.1,2,12570
CU11958,27.5,0,0,175
CU11958,25,0,1,75
CU11958,22.5,0,2,275
CU1954,27.5,0,0,919
CU1954,25,0,0,819
CU1954,22.5,0,0,1019
CU2855,27.5,9000,0,21802
CU2855,25,8100,1,21702
CU2855,22.5,9900,2,21902
CU4775,27.5,2800,2,3382
CU4775,25,2520,3,3282
CU4775,22.5,3080,4,3482
CU1915,27.5,0,2,890
CU1915,25,0,3,790
CU1915,22.5,0,4,990
CU14254,4085.4,3200,1,3793
CU14254,3714,2880,2,3693
CU14254,3342.6,3520,3,3893
CU2866,27.5,0,0,506
CU2866,25,0,1,406
CU2866,22.5,0,2,606
CU1612,27.5,0,2,653
CU1612,25,0,3,553
CU1612,22.5,0,4,753
CU3835,27.5,0,0,506
CU3835,25,0,0,406
CU3835,22.5,0,0,606
CU385,10809.7,4350,3,15114
CU385,9827,3915,4,15014
CU385,8844.3,4785,5,15214
CU6461,27.5,2733,8,54100
CU6461,25,2459.7,9,54000
CU6461,22.5,3006.3,10,54200
CU15821,174.9,0,7,172
CU15821,159,0,8,72
CU15821,143.1,0,9,272
CU8826,27.5,3750,8,1793
CU8826,25,3375,9,1693
CU8826,22.5,4125,10,1893
CU4113,27.5,0,0,506
CU4113,25,0,0,406
CU4113,22.5,0,0,606
CU10236,27.5,450,1,0
CU10236,25,405,2,0
CU10236,22.5,495,3,0
CU5144,27.5,13900,3,1790
CU5144,25,12510,4,1690
CU5144,22.5,15290,5,1890
CU8530,27.5,10140,12,26431
CU8530,25,9126,13,26331
CU8530,22.5,11154,14,26531
CU1015,27.5,501,0,0
CU1015,25,450.9,0,0
CU1015,22.5,551.1,0,0
CU14991,27.5,0,4,0
CU14991,25,0,5,0
CU14991,22.5,0,6,0
CU13624,27.5,3200,1,12344
CU13624,25,2880,2,12244
CU13624,22.5,3520,3,12444
CU7744,27.5,550,4,334
CU7744,25,495,5,234
CU7744,22.5,605,6,434
CU5698,27.5,1801,0,536
CU5698,25,1620.9,1,436
CU5698,22.5,1981.1,2,636
CU12367,64.9,0,1,1879
CU12367,59,0,2,1779
CU12367,53.1,0,3,1979
CU1228,27.5,0,0,502
CU1228,25,0,0,402
CU1228,22.5,0,0,602
CU6620,4297.7,0,2,6320
CU6620,3907,0,3,6220
CU6620,3516.3,0,4,6420
CU14833,97.9,401,10,103
CU14833,89,360.9,11,3
CU14833,80.1,441.1,12,203
CU7107,27.5,0,0,1457
CU7107,25,0,1,1357
CU7107,22.5,0,2,1557
CU1861,6406.4,4001,1,7784
CU1861,5824,3600.9,2,7684
CU1861,5241.6,4401.1,3,7884
CU11260,244.2,0,17,292
CU11260,222,0,18,192
CU11260,199.8,0,19,392
CU11693,27.5,1600,2,3271
CU11693,25,1440,3,3171
CU11693,22.5,1760,4,3371
CU11143,881.1,251,13,809
CU11143,801,225.9,14,709
CU11143,720.9,276.1,15,909
CU10505,27.5,250,10,142
CU10505,25,225,11,42
CU10505,22.5,275,12,242
CU11355,27.5,0,0,0
CU11355,25,0,0,0
CU11355,22.5,0,0,0
CU14664,596.2,3000,0,1416
CU14664,542,2700,1,1316
CU14664,487.8,3300,2,1516
CU13245,1623.6,1600,2,1499
CU13245,1476,1440,3,1399
CU13245,1328.4,1760,4,1599
CU12107,27.5,0,0,0
CU12107,25,0,0,0
CU12107,22.5,0,0,0
CU9138,27.5,0,5,206
CU9138,25,0,6,106
CU9138,22.5,0,7,306
CU5676,27.5,10200,1,105507
CU5676,25,9180,2,105407
CU5676,22.5,11220,3,105607
CU3921,27.5,0,6,777
CU3921,25,0,7,677
CU3921,22.5,0,8,877
CU6825,740.3,2520,1,1229
CU6825,673,2268,2,1129
CU6825,605.7,2772,3,1329
CU6641,27.5,0,0,504
CU6641,25,0,0,404
CU6641,22.5,0,0,604
CU10597,27.5,1200,3,3503
CU10597,25,1080,4,3403
CU10597,22.5,1320,5,3603
CU6928,206.8,0,2,700
CU6928,188,0,3,600
CU6928,169.2,0,4,800
CU12331,27.5,250,0,257
CU12331,25,225,0,157
CU12331,22.5,275,0,357
CU544,27.5,0,0,503
CU544,25,0,0,403
CU544,22.5,0,0,603
CU3569,4802.6,6484,2,5304
CU3569,4366,5835.6,3,5204
CU3569,3929.4,7132.4,4,5404
CU4828,9759.2,2350,1,9592
CU4828,8872,2115,2,9492
CU4828,7984.8,2585,3,9692
CU12112,535.7,300,17,504
CU12112,487,270,18,404
CU12112,438.3,330,19,604
CU3003,27.5,301,1,588
CU3003,25,270.9,2,488
CU3003,22.5,331.1,3,688
CU3421,3955.6,1300,12,11016
CU3421,3596,1170,13,10916
CU3421,3236.4,1430,14,11116
CU13562,1101.1,0,3,1016
CU13562,1001,0,4,916
CU13562,900.9,0,5,1116
CU8726,297,650,16,283
CU8726,270,585,17,183
CU8726,243,715,18,383
CU15798,27.5,0,1,0
CU15798,25,0,2,0
CU15798,22.5,0,3,0
CU2880,808.5,3900,1,1793
CU2880,735,3510,2,1693
CU2880,661.5,4290,3,1893
CU14514,27.5,0,0,0
CU14514,25,0,0,0
CU14514,22.5,0,0,0
CU3040,27.5,0,3,63932
CU3040,25,0,4,63832
CU3040,22.5,0,5,64032
CU6286,2140.6,9200,3,2461
CU6286,1946,8280,4,2361
CU6286,1751.4,10120,5,2561
CU9024,8585.5,4150,3,8599
CU9024,7805,3735,4,8499
CU9024,7024.5,4565,5,8699
CU12515,49.5,0,2,0
CU12515,45,0,3,0
CU12515,40.5,0,4,0
CU14140,27.5,0,0,101
CU14140,25,0,1,1
CU14140,22.5,0,2,201
CU1516,27.5,0,0,760
CU1516,25,0,1,660
CU1516,22.5,0,2,860
CU6927,27.5,0,0,502
CU6927,25,0,0,402
CU6927,22.5,0,0,602
CU4758,2907.3,4050,14,14589
CU4758,2643,3645,15,14489
CU4758,2378.7,4455,16,14689
CU13357,27.5,0,0,517
CU13357,25,0,1,417
CU13357,22.5,0,2,617
CU14304,27.5,500,15,0
CU14304,25,450,16,0
CU14304,22.5,550,17,0
CU8617,27.5,0,0,0
CU8617,25,0,0,0
CU8617,22.5,0,0,0
CU10339,5409.8,3850,12,4939
CU10339,4918,3465,13,4839
CU10339,4426.2,4235,14,5039
CU3799,1276,3950,1,5424
CU3799,1160,3555,2,5324
CU3799,1044,4345,3,5524
CU11886,27.5,0,0,0
CU11886,25,0,0,0
CU11886,22.5,0,0,0
CU3935,2312.2,1001,1,2948
CU3935,2102,900.9,2,2848
CU3935,1891.8,1101.1,3,3048
CU5700,1017.5,720,3,6591
CU5700,925,648,4,6491
CU5700,832.5,792,5,6691
CU5110,5500,2728,3,6902
CU5110,5000,2455.2,4,6802
CU5110,4500,3000.8,5,7002
CU3646,27.5,0,0,504
CU3646,25,0,0,404
CU3646,22.5,0,0,604
CU14011,27.5,0,0,0
CU14011,25,0,0,0
CU14011,22.5,0,0,0
CU1091,27.5,5501,0,112822
CU1091,25,4950.9,0,112722
CU1091,22.5,6051.1,0,112922
CU4843,27.5,0,0,507
CU4843,25,0,0,407
CU4843,22.5,0,0,607
CU15839,27.5,0,0,0
CU15839,25,0,0,0
CU15839,22.5,0,0,0
CU13956,27.5,500,12,2591
CU13956,25,450,13,2491
CU13956,22.5,550,14,2691
CU4147,27.5,0,0,506
CU4147,25,0,0,406
CU4147,22.5,0,0,606
CU15889,27.5,0,0,0
CU15889,25,0,0,0
CU15889,22.5,0,0,0
CU11850,75.9,650,12,100
CU11850,69,585,13,0
CU11850,62.1,715,14,200
CU15161,27.5,0,0,0
CU15161,25,0,0,0
CU15161,22.5,0,0,0
CU10784,3051.4,3025,2,2858
CU10784,2774,2722.5,3,2758
CU10784,2496.6,3327.5,4,2958
CU1829,27.5,5500,0,966
CU1829,25,4950,1,866
CU1829,22.5,6050,2,1066
CU9313,27.5,0,0,508
CU9313,25,0,0,408
CU9313,22.5,0,0,608
CU13795,503.8,850,2,479
CU13795,458,765,3,379
CU13795,412.2,935,4,579
CU4985,1579.6,3500,1,2870
CU4985,1436,3150,2,2770
CU4985,1292.4,3850,3,2970
CU5643,5011.6,700,1,5807
CU5643,4556,630,2,5707
CU5643,4100.4,770,3,5907
CU12982,27.5,0,3,704
CU12982,25,0,4,604
CU12982,22.5,0,5,804
CU7187,27.5,0,0,506
CU7187,25,0,0,406
CU7187,22.5,0,0,606
CU2245,47.3,0,7,3241
CU2245,43,0,8,3141
CU2245,38.7,0,9,3341
CU4140,2150.5,2053,1,2470
CU4140,1955,1847.7,2,2370
CU4140,1759.5,2258.3,3,2570
CU14470,27.5,0,3,281
CU14470,25,0,4,181
CU14470,22.5,0,5,381
CU12070,78.1,500,3,117
CU12070,71,450,4,17
CU12070,63.9,550,5,217
CU7079,27.5,0,0,505
CU7079,25,0,0,405
CU7079,22.5,0,0,605
CU2235,27.5,0,0,506
CU2235,25,0,0,406
CU2235,22.5,0,0,606
CU6469,27.5,0,1,133
CU6469,25,0,2,33
CU6469,22.5,0,3,233
CU6293,27.5,0,0,506
CU6293,25,0,0,406
CU6293,22.5,0,0,606
CU7028,11676.5,3400,1,11129
CU7028,10615,3060,2,11029
CU7028,9553.5,3740,3,11229
CU5248,27.5,0,0,509
CU5248,25,0,0,409
CU5248,22.5,0,0,609
CU4143,7843,24700,3,14333
CU4143,7130,22230,4,14233
CU4143,6417,27170,5,14433
CU998,1569.7,0,3,2424
CU998,1427,0,4,2324
CU998,1284.3,0,5,2524
CU8169,970.2,1400,3,1362
CU8169,882,1260,4,1262
CU8169,793.8,1540,5,1462
CU4344,136.4,0,2,662
CU4344,124,0,3,562
CU4344,111.6,0,4,762
CU13503,139.7,750,3,1850
CU13503,127,675,4,1750
CU13503,114.3,825,5,1950
CU15886,27.5,250,3,0
CU15886,25,225,4,0
CU15886,22.5,275,5,0
CU289,14737.8,2250,1,17441
CU289,13398,2025,2,17341
CU289,12058.2,2475,3,17541
CU11683,104.5,250,12,114
CU11683,95,225,13,14
CU11683,85.5,275,14,214
CU6523,1270.5,2150,17,2098
CU6523,1155,1935,18,1998
CU6523,1039.5,2365,19,2198
CU5246,27.5,0,0,1036
CU5246,25,0,1,936
CU5246,22.5,0,2,1136
CU14806,27.5,500,5,923
CU14806,25,450,6,823
CU14806,22.5,550,7,1023
CU5442,27.5,0,0,522
CU5442,25,0,0,422
CU5442,22.5,0,0,622
CU9544,27.5,700,10,3819
CU9544,25,630,11,3719
CU9544,22.5,770,12,3919
CU12451,27.5,0,0,0
CU12451,25,0,0,0
CU12451,22.5,0,0,0
CU14068,27.5,0,1,0
CU14068,25,0,2,0
CU14068,22.5,0,3,0
CU2620,199.1,1501,3,1113
CU2620,181,1350.9,4,1013
CU2620,162.9,1651.1,5,1213
CU10813,27.5,696,13,159
CU10813,25,626.4,14,59
CU10813,22.5,765.6,15,259
CU15198,2906.2,1750,2,3954
CU15198,2642,1575,3,3854
CU15198,2377.8,1925,4,4054
CU2713,707.3,14800,1,13495
CU2713,643,13320,2,13395
CU2713,578.7,16280,3,13595
CU1134,6001.6,3900,1,5975
CU1134,5456,3510,2,5875
CU1134,4910.4,4290,3,6075
CU13508,27.5,0,0,0
CU13508,25,0,1,0
CU13508,22.5,0,2,0
CU6769,27.5,0,0,506
CU6769,25,0,0,406
CU6769,22.5,0,0,606
CU7416,27.5,0,0,0
CU7416,25,0,0,0
CU7416,22.5,0,0,0
CU2604,27.5,0,2,0
CU2604,25,0,3,0
CU2604,22.5,0,4,0
CU5065,27.5,0,5,629
CU5065,25,0,6,529
CU5065,22.5,0,7,729
CU2313,4246,13000,1,4375
CU2313,3860,11700,2,4275
CU2313,3474,14300,3,4475
CU14770,27.5,250,0,245
CU14770,25,225,1,145
CU14770,22.5,275,2,345
CU13889,27.5,0,0,0
CU13889,25,0,0,0
CU13889,22.5,0,0,0
CU9437,27.5,0,0,0
CU9437,25,0,0,0
CU9437,22.5,0,0,0
CU13802,330,1850,17,483
CU13802,300,1665,18,383
CU13802,270,2035,19,583
CU15049,27.5,2000,1,1193
CU15049,25,1800,2,1093
CU15049,22.5,2200,3,1293
CU15087,27.5,500,10,234
CU15087,25,450,11,134
CU15087,22.5,550,12,334
CU10303,501.6,2100,3,776
CU10303,456,1890,4,676
CU10303,410.4,2310,5,876
CU6950,27.5,3500,2,2594
CU6950,25,3150,3,2494
CU6950,22.5,3850,4,2694
CU8084,27.5,8800,6,6209
CU8084,25,7920,7,6109
CU8084,22.5,9680,8,6309
CU12786,27.5,700,16,292
CU12786,25,630,17,192
CU12786,22.5,770,18,392
CU11391,73.7,500,13,111
CU11391,67,450,14,11
CU11391,60.3,550,15,211
CU14874,27.5,950,3,989
CU14874,25,855,4,889
CU14874,22.5,1045,5,1089
CU4441,27.5,1100,2,842
CU4441,25,990,3,742
CU4441,22.5,1210,4,942
CU1750,39.6,3862,13,1261
CU1750,36,3475.8,14,1161
CU1750,32.4,4248.2,15,1361
CU13533,27.5,500,3,202
CU13533,25,450,4,102
CU13533,22.5,550,5,302
CU5318,27.5,1668,3,1071
CU5318,25,1501.2,4,971
CU5318,22.5,1834.8,5,1171
CU1494,27.5,3550,3,1210
CU1494,25,3195,4,1110
CU1494,22.5,3905,5,1310
CU11412,27.5,500,3,539
CU11412,25,450,4,439
CU11412,22.5,550,5,639
CU2977,27.5,1000,10,1399
CU2977,25,900,11,1299
CU2977,22.5,1100,12,1499
CU10728,72.6,600,5,0
CU10728,66,540,6,0
CU10728,59.4,660,7,0
CU8369,27.5,500,2,213
CU8369,25,450,3,113
CU8369,22.5,550,4,313
CU1937,27.5,850,3,772
CU1937,25,765,4,672
CU1937,22.5,935,5,872
CU13368,27.5,450,14,168
CU13368,25,405,15,68
CU13368,22.5,495,16,268
CU2685,661.1,4500,3,2502
CU2685,601,4050,4,2402
CU2685,540.9,4950,5,2602
CU10536,27.5,5801,13,2871
CU10536,25,5220.9,14,2771
CU10536,22.5,6381.1,15,2971
CU5303,27.5,16900,1,31483
CU5303,25,15210,2,31383
CU5303,22.5,18590,3,31583
CU8235,27.5,400,8,265
CU8235,25,360,9,165
CU8235,22.5,440,10,365
CU1941,27.5,3070,2,2312
CU1941,25,2763,3,2212
CU1941,22.5,3377,4,2412
CU3379,27.5,7390,2,6489
CU3379,25,6651,3,6389
CU3379,22.5,8129,4,6589
CU6953,251.9,8500,2,2936
CU6953,229,7650,3,2836
CU6953,206.1,9350,4,3036
CU3818,27.5,1550,2,769
CU3818,25,1395,3,669
CU3818,22.5,1705,4,869
CU7700,27.5,1900,1,869
CU7700,25,1710,2,769
CU7700,22.5,2090,3,969
CU15509,27.5,500,2,134
CU15509,25,450,3,34
CU15509,22.5,550,4,234
CU3894,27.5,17500,1,8091
CU3894,25,15750,2,7991
CU3894,22.5,19250,3,8191
CU8867,73.7,300,12,322
CU8867,67,270,13,222
CU8867,60.3,330,14,422
CU14704,27.5,700,8,268
CU14704,25,630,9,168
CU14704,22.5,770,10,368
CU4955,27.5,1600,1,1308
CU4955,25,1440,2,1208
CU4955,22.5,1760,3,1408
CU12535,808.5,650,1,860
CU12535,735,585,2,760
CU12535,661.5,715,3,960
CU13302,27.5,500,7,480
CU13302,25,450,8,380
CU13302,22.5,550,9,580
CU4645,27.5,5500,2,2644
CU4645,25,4950,3,2544
CU4645,22.5,6050,4,2744
CU14951,27.5,550,17,155
CU14951,25,495,18,55
CU14951,22.5,605,19,255
CU1591,946,10200,4,2568
CU1591,860,9180,5,2468
CU1591,774,11220,6,2668
CU396,27.5,9000,2,2680
CU396,25,8100,3,2580
CU396,22.5,9900,4,2780
CU2107,105.6,800,2,679
CU2107,96,720,3,579
CU2107,86.4,880,4,779
CU6327,27.5,15000,17,23765
CU6327,25,13500,18,23665
CU6327,22.5,16500,19,23865
CU3066,171.6,5001,2,606
CU3066,156,4500.9,3,506
CU3066,140.4,5501.1,4,706
CU11539,27.5,500,1,212
CU11539,25,450,2,112
CU11539,22.5,550,3,312
CU8723,27.5,800,1,12819
CU8723,25,720,2,12719
CU8723,22.5,880,3,12919
CU13831,309.1,750,1,702
CU13831,281,675,2,602
CU13831,252.9,825,3,802
CU9453,10514.9,4200,3,9716
CU9453,9559,3780,4,9616
CU9453,8603.1,4620,5,9816
CU6242,643.5,6000,0,1109
CU6242,585,5400,1,1009
CU6242,526.5,6600,2,1209
CU15131,27.5,540,2,230
CU15131,25,486,3,130
CU15131,22.5,594,4,330
CU8395,143,8100,3,3040
CU8395,130,7290,4,2940
CU8395,117,8910,5,3140
CU14554,183.7,700,3,646
CU14554,167,630,4,546
CU14554,150.3,770,5,746
CU5630,27.5,33500,3,165815
CU5630,25,30150,4,165715
CU5630,22.5,36850,5,165915
CU2473,27.5,5250,15,2077
CU2473,25,4725,16,1977
CU2473,22.5,5775,17,2177
CU878,27.5,550,1,607
CU878,25,495,2,507
CU878,22.5,605,3,707
CU10148,276.1,700,3,543
CU10148,251,630,4,443
CU10148,225.9,770,5,643
CU14606,51.7,540,0,280
CU14606,47,486,1,180
CU14606,42.3,594,2,380
CU4224,2508,7500,2,3386
CU4224,2280,6750,3,3286
CU4224,2052,8250,4,3486
CU3006,316.8,6372,1,2001
CU3006,288,5734.8,2,1901
CU3006,259.2,7009.2,3,2101
CU4643,279.4,2550,2,1438
CU4643,254,2295,3,1338
CU4643,228.6,2805,4,1538
CU8478,27.5,0,0,0
CU8478,25,0,0,0
CU8478,22.5,0,0,0
CU14974,155.1,251,11,152
CU14974,141,225.9,12,52
CU14974,126.9,276.1,13,252
CU2100,61.6,0,0,563
CU2100,56,0,0,463
CU2100,50.4,0,0,663
CU10653,27.5,201,6,456
CU10653,25,180.9,7,356
CU10653,22.5,221.1,8,556
CU945,10303.7,9200,2,10144
CU945,9367,8280,3,10044
CU945,8430.3,10120,4,10244
CU4641,3025,0,0,3267
CU4641,2750,0,1,3167
CU4641,2475,0,2,3367
CU11429,27.5,0,14,495
CU11429,25,0,15,395
CU11429,22.5,0,16,595
CU13737,27.5,0,1,0
CU13737,25,0,2,0
CU13737,22.5,0,3,0
CU7218,27.5,0,8,590
CU7218,25,0,9,490
CU7218,22.5,0,10,690
CU3243,27.5,0,0,543
CU3243,25,0,1,443
CU3243,22.5,0,2,643
CU1600,27.5,1800,0,505
CU1600,25,1620,0,405
CU1600,22.5,1980,0,605
CU4983,530.2,1000,12,1125
CU4983,482,900,13,1025
CU4983,433.8,1100,14,1225
CU12603,7887,7648,16,100578
CU12603,7170,6883.2,17,100478
CU12603,6453,8412.8,18,100678
CU2320,22060.5,5200,9,20719
CU2320,20055,4680,10,20619
CU2320,18049.5,5720,11,20819
CU7522,27.5,500,17,127
CU7522,25,450,18,27
CU7522,22.5,550,19,227
CU7949,27.5,0,2,0
CU7949,25,0,3,0
CU7949,22.5,0,4,0
CU10044,27.5,14000,1,4988
CU10044,25,12600,2,4888
CU10044,22.5,15400,3,5088
CU4395,27.5,0,0,507
CU4395,25,0,0,407
CU4395,22.5,0,0,607
CU5739,96.8,4306,1,9354
CU5739,88,3875.4,2,9254
CU5739,79.2,4736.6,3,9454
CU10856,27.5,0,2,488
CU10856,25,0,3,388
CU10856,22.5,0,4,588
CU4171,27.5,11800,1,9923
CU4171,25,10620,2,9823
CU4171,22.5,12980,3,10023
CU6965,27.5,0,1,503
CU6965,25,0,2,403
CU6965,22.5,0,3,603
CU10831,27.5,0,0,0
CU10831,25,0,0,0
CU10831,22.5,0,0,0
CU12641,163.9,1050,1,343
CU12641,149,945,2,243
CU12641,134.1,1155,3,443
CU9461,27.5,251,0,0
CU9461,25,225.9,1,0
CU9461,22.5,276.1,2,0
CU8831,27.5,0,0,0
CU8831,25,0,0,0
CU8831,22.5,0,0,0
CU13263,2737.9,750,12,2650
CU13263,2489,675,13,2550
CU13263,2240.1,825,14,2750
CU8452,27.5,0,0,0
CU8452,25,0,0,0
CU8452,22.5,0,0,0
CU1851,27.5,0,8,1227
CU1851,25,0,9,1127
CU1851,22.5,0,10,1327
CU12325,27.5,0,1,0
CU12325,25,0,2,0
CU12325,22.5,0,3,0
CU3193,229.9,0,9,718
CU3193,209,0,10,618
CU3193,188.1,0,11,818
CU55,651.2,36000,5,499362
CU55,592,32400,6,499262
CU55,532.8,39600,7,499462
CU7381,27.5,0,0,0
CU7381,25,0,0,0
CU7381,22.5,0,0,0
CU9290,3306.6,650,8,4959
CU9290,3006,585,9,4859
CU9290,2705.4,715,10,5059
CU5090,2422.2,250,8,2765
CU5090,2202,225,9,2665
CU5090,1981.8,275,10,2865
CU4195,349.8,950,9,853
CU4195,318,855,10,753
CU4195,286.2,1045,11,953
CU557,147.4,0,5,699
CU557,134,0,6,599
CU557,120.6,0,7,799
CU10218,27.5,0,0,0
CU10218,25,0,0,0
CU10218,22.5,0,0,0
CU15942,27.5,250,0,0
CU15942,25,225,0,0
CU15942,22.5,275,0,0
CU9964,89.1,1100,3,156
CU9964,81,990,4,56
CU9964,72.9,1210,5,256
CU13322,27.5,0,0,1052
CU13322,25,0,1,952
CU13322,22.5,0,2,1152
CU13087,501.6,201,1,467
CU13087,456,180.9,2,367
CU13087,410.4,221.1,3,567
CU4252,27.5,0,0,507
CU4252,25,0,1,407
CU4252,22.5,0,2,607
CU4932,262.9,0,5,744
CU4932,239,0,6,644
CU4932,215.1,0,7,844
CU1527,27.5,0,0,505
CU1527,25,0,0,405
CU1527,22.5,0,0,605
CU4087,242,400,1,727
CU4087,220,360,2,627
CU4087,198,440,3,827
CU1691,27.5,4700,3,5124
CU1691,25,4230,4,5024
CU1691,22.5,5170,5,5224
CU3214,27.5,4400,1,2143
CU3214,25,3960,2,2043
CU3214,22.5,4840,3,2243
CU8318,27.5,1400,2,438
CU8318,25,1260,3,338
CU8318,22.5,1540,4,538
CU14921,27.5,340,0,342
CU14921,25,306,1,242
CU14921,22.5,374,2,442
CU5675,1016.4,11289,1,26711
CU5675,924,10160.1,2,26611
CU5675,831.6,12417.9,3,26811
CU2399,27.5,20800,0,8657
CU2399,25,18720,1,8557
CU2399,22.5,22880,2,8757
CU12658,27.5,500,14,135
CU12658,25,450,15,35
CU12658,22.5,550,16,235
CU9004,27.5,17100,3,2126
CU9004,25,15390,4,2026
CU9004,22.5,18810,5,2226
CU13803,27.5,3200,0,2884
CU13803,25,2880,1,2784
CU13803,22.5,3520,2,2984
CU8649,143,1350,1,477
CU8649,130,1215,2,377
CU8649,117,1485,3,577
CU3856,27.5,1403,2,1293
CU3856,25,1262.7,3,1193
CU3856,22.5,1543.3,4,1393
CU6215,53.9,3850,2,973
CU6215,49,3465,3,873
CU6215,44.1,4235,4,1073
CU11959,27.5,3700,11,509
CU11959,25,3330,12,409
CU11959,22.5,4070,13,609
CU7214,27.5,0,2,567
CU7214,25,0,3,467
CU7214,22.5,0,4,667
CU15136,27.5,450,12,154
CU15136,25,405,13,54
CU15136,22.5,495,14,254
CU8687,97.9,2000,0,361
CU8687,89,1800,1,261
CU8687,80.1,2200,2,461
CU8091,27.5,2000,17,1162
CU8091,25,1800,18,1062
CU8091,22.5,2200,19,1262
CU9232,250.8,5900,2,2127
CU9232,228,5310,3,2027
CU9232,205.2,6490,4,2227
CU11361,27.5,1100,13,184
CU11361,25,990,14,84
CU11361,22.5,1210,15,284
CU3940,27.5,2430,2,1284
CU3940,25,2187,3,1184
CU3940,22.5,2673,4,1384
CU1241,15393.4,32000,2,17340
CU1241,13994,28800,3,17240
CU1241,12594.6,35200,4,17440
CU928,4151.4,2068,1,5443
CU928,3774,1861.2,2,5343
CU928,3396.6,2274.8,3,5543
CU12586,169.4,540,13,273
CU12586,154,486,14,173
CU12586,138.6,594,15,373
CU8290,27.5,3200,1,329
CU8290,25,2880,2,229
CU8290,22.5,3520,3,429
CU13196,27.5,500,1,136
CU13196,25,450,2,36
CU13196,22.5,550,3,236
CU11100,27.5,1860,11,1229
CU11100,25,1674,12,1129
CU11100,22.5,2046,13,1329
CU3269,16566,5503,3,27386
CU3269,15060,4952.7,4,27286
CU3269,13554,6053.3,5,27486
CU5655,1262.8,15100,3,36920
CU5655,1148,13590,4,36820
CU5655,1033.2,16610,5,37020
CU1229,27.5,16100,12,7999
CU1229,25,14490,13,7899
CU1229,22.5,17710,14,8099
CU9726,31.9,640,8,158
CU9726,29,576,9,58
CU9726,26.1,704,10,258
CU8976,924,250,7,916
CU8976,840,225,8,816
CU8976,756,275,9,1016
CU15372,27.5,750,1,435
CU15372,25,675,2,335
CU15372,22.5,825,3,535
CU276,28.6,16000,1,7574
CU276,26,14400,2,7474
CU276,23.4,17600,3,7674
CU868,27.5,12500,16,59437
CU868,25,11250,17,59337
CU868,22.5,13750,18,59537
CU5976,70.4,3300,1,1200
CU5976,64,2970,2,1100
CU5976,57.6,3630,3,1300
CU13417,27.5,7300,3,3327
CU13417,25,6570,4,3227
CU13417,22.5,8030,5,3427
CU67,52.8,5245,11,2835
CU67,48,4720.5,12,2735
CU67,43.2,5769.5,13,2935
CU293,27.5,3200,1,2826
CU293,25,2880,2,2726
CU293,22.5,3520,3,2926
CU6366,17015.9,24000,2,22537
CU6366,15469,21600,3,22437
CU6366,13922.1,26400,4,22637
CU1872,27.5,3850,11,2044
CU1872,25,3465,12,1944
CU1872,22.5,4235,13,2144
CU161,27.5,6500,3,2220
CU161,25,5850,4,2120
CU161,22.5,7150,5,2320
CU10168,27.5,550,0,270
CU10168,25,495,1,170
CU10168,22.5,605,2,370
CU15854,27.5,650,14,188
CU15854,25,585,15,88
CU15854,22.5,715,16,288
CU2098,107.8,4200,1,1648
CU2098,98,3780,2,1548
CU2098,88.2,4620,3,1748
CU13052,27.5,850,10,442
CU13052,25,765,11,342
CU13052,22.5,935,12,542
CU3636,60.5,2400,15,770
CU3636,55,2160,16,670
CU3636,49.5,2640,17,870
CU2377,27.5,17700,1,5765
CU2377,25,15930,2,5665
CU2377,22.5,19470,3,5865
CU7169,27.5,3900,3,622
CU7169,25,3510,4,522
CU7169,22.5,4290,5,722
CU7943,27.5,600,0,357
CU7943,25,540,0,257
CU7943,22.5,660,0,457
CU13568,27.5,7000,6,1821
CU13568,25,6300,7,1721
CU13568,22.5,7700,8,1921
CU5330,27.5,4150,1,2015
CU5330,25,3735,2,1915
CU5330,22.5,4565,3,2115
CU11422,27.5,500,5,242
CU11422,25,450,6,142
CU11422,22.5,550,7,342
CU15343,27.5,290,15,210
CU15343,25,261,16,110
CU15343,22.5,319,17,310
CU10550,64.9,1500,2,301
CU10550,59,1350,3,201
CU10550,53.1,1650,4,401
CU9790,138.6,5060,2,2974
CU9790,126,4554,3,2874
CU9790,113.4,5566,4,3074
CU13565,27.5,1200,2,993
CU13565,25,1080,3,893
CU13565,22.5,1320,4,1093
CU9820,27.5,500,2,724
CU9820,25,450,3,624
CU9820,22.5,550,4,824
CU8076,27.5,1600,2,1558
CU8076,25,1440,3,1458
CU8076,22.5,1760,4,1658
CU8368,27.5,4750,4,0
CU8368,25,4275,5,0
CU8368,22.5,5225,6,0
CU6103,27.5,450,12,737
CU6103,25,405,13,637
CU6103,22.5,495,14,837
CU8122,27.5,2710,11,648
CU8122,25,2439,12,548
CU8122,22.5,2981,13,748
CU7417,2788.5,450,17,2720
CU7417,2535,405,18,2620
CU7417,2281.5,495,19,2820
CU8952,27.5,290,0,280
CU8952,25,261,1,180
CU8952,22.5,319,2,380
CU14798,64.9,650,13,278
CU14798,59,585,14,178
CU14798,53.1,715,15,378
CU10835,27.5,1650,3,1086
CU10835,25,1485,4,986
CU10835,22.5,1815,5,1186
CU1947,27.5,4800,13,2693
CU1947,25,4320,14,2593
CU1947,22.5,5280,15,2793
CU9731,27.5,1500,9,218
CU9731,25,1350,10,118
CU9731,22.5,1650,11,318
CU11970,27.5,750,1,228
CU11970,25,675,2,128
CU11970,22.5,825,3,328
CU10922,27.5,750,2,262
CU10922,25,675,3,162
CU10922,22.5,825,4,362
CU6954,27.5,7200,4,7679
CU6954,25,6480,5,7579
CU6954,22.5,7920,6,7779
CU6635,27.5,3351,3,1895
CU6635,25,3015.9,4,1795
CU6635,22.5,3686.1,5,1995
CU13172,27.5,500,2,215
CU13172,25,450,3,115
CU13172,22.5,550,4,315
CU3244,27.5,16950,3,2143
CU3244,25,15255,4,2043
CU3244,22.5,18645,5,2243
CU141,27.5,3500,11,2975
CU141,25,3150,12,2875
CU141,22.5,3850,13,3075
CU4476,47.3,600,9,743
CU4476,43,540,10,643
CU4476,38.7,660,11,843
CU8402,27.5,700,9,345
CU8402,25,630,10,245
CU8402,22.5,770,11,445
CU15988,27.5,1200,2,135
CU15988,25,1080,3,35
CU15988,22.5,1320,4,235
CU14500,27.5,5390,1,5311
CU14500,25,4851,2,5211
CU14500,22.5,5929,3,5411
CU6812,27.5,3750,14,2088
CU6812,25,3375,15,1988
CU6812,22.5,4125,16,2188
CU13712,27.5,450,0,369
CU13712,25,405,0,269
CU13712,22.5,495,0,469
CU1304,122.1,1900,1,1539
CU1304,111,1710,2,1439
CU1304,99.9,2090,3,1639
CU9383,27.5,13850,0,151
CU9383,25,12465,0,51
CU9383,22.5,15235,0,251
CU4701,850.3,3450,1,2401
CU4701,773,3105,2,2301
CU4701,695.7,3795,3,2501
CU2607,144.1,4050,6,1538
CU2607,131,3645,7,1438
CU2607,117.9,4455,8,1638
CU12743,27.5,250,6,137
CU12743,25,225,7,37
CU12743,22.5,275,8,237
CU14714,1409.1,8000,1,2040
CU14714,1281,7200,2,1940
CU14714,1152.9,8800,3,2140
CU10110,1694,1450,2,2409
CU10110,1540,1305,3,2309
CU10110,1386,1595,4,2509
CU6668,129.8,1550,2,1347
CU6668,118,1395,3,1247
CU6668,106.2,1705,4,1447
CU14784,27.5,4500,2,1172
CU14784,25,4050,3,1072
CU14784,22.5,4950,4,1272
CU15177,33,750,4,0
CU15177,30,675,5,0
CU15177,27,825,6,0
CU4152,27.5,3750,2,2233
CU4152,25,3375,3,2133
CU4152,22.5,4125,4,2333
CU9108,27.5,8800,0,1923
CU9108,25,7920,1,1823
CU9108,22.5,9680,2,2023
CU12794,33,500,3,130
CU12794,30,450,4,30
CU12794,27,550,5,230
CU5596,71.5,19200,3,10075
CU5596,65,17280,4,9975
CU5596,58.5,21120,5,10175
CU12573,46.2,2250,1,1029
CU12573,42,2025,2,929
CU12573,37.8,2475,3,1129
CU2885,27.5,7000,3,10943
CU2885,25,6300,4,10843
CU2885,22.5,7700,5,11043
CU8600,27.5,3000,15,1216
CU8600,25,2700,16,1116
CU8600,22.5,3300,17,1316
CU3850,27.5,1250,2,707
CU3850,25,1125,3,607
CU3850,22.5,1375,4,807
CU5599,540.1,9204,3,7833
CU5599,491,8283.6,4,7733
CU5599,441.9,10124.4,5,7933
CU7962,370.7,850,2,687
CU7962,337,765,3,587
CU7962,303.3,935,4,787
CU3942,294.8,12500,8,2209
CU3942,268,11250,9,2109
CU3942,241.2,13750,10,2309
CU4299,150.7,3250,3,1256
CU4299,137,2925,4,1156
CU4299,123.3,3575,5,1356
CU4155,27.5,3061,0,2724
CU4155,25,2754.9,1,2624
CU4155,22.5,3367.1,2,2824
CU1005,27.5,3000,0,787
CU1005,25,2700,1,687
CU1005,22.5,3300,2,887
CU5403,203.5,2749,3,1290
CU5403,185,2474.1,4,1190
CU5403,166.5,3023.9,5,1390
CU15326,27.5,3850,9,853
CU15326,25,3465,10,753
CU15326,22.5,4235,11,953
CU10154,1388.2,1300,5,1614
CU10154,1262,1170,6,1514
CU10154,1135.8,1430,7,1714
CU14434,27.5,600,3,0
CU14434,25,540,4,0
CU14434,22.5,660,5,0
CU6560,27.5,1100,16,476
CU6560,25,990,17,376
CU6560,22.5,1210,18,576
CU12842,27.5,4600,1,2538
CU12842,25,4140,2,2438
CU12842,22.5,5060,3,2638
CU6165,27.5,3000,1,576
CU6165,25,2700,2,476
CU6165,22.5,3300,3,676
CU11570,27.5,500,1,186
CU11570,25,450,2,86
CU11570,22.5,550,3,286
CU12738,27.5,1500,16,293
CU12738,25,1350,17,193
CU12738,22.5,1650,18,393
CU8340,27.5,4100,1,2856
CU8340,25,3690,2,2756
CU8340,22.5,4510,3,2956
CU3654,27.5,11001,2,6894
CU3654,25,9900.9,3,6794
CU3654,22.5,12101.1,4,6994
CU14052,27.5,750,1,166
CU14052,25,675,2,66
CU14052,22.5,825,3,266
CU7502,27.5,750,0,0
CU7502,25,675,1,0
CU7502,22.5,825,2,0
CU4285,27.5,12001,0,7283
CU4285,25,10800.9,1,7183
CU4285,22.5,13201.1,2,7383
CU4679,27.5,2900,2,1311
CU4679,25,2610,3,1211
CU4679,22.5,3190,4,1411
CU5082,27.5,2820,3,669
CU5082,25,2538,4,569
CU5082,22.5,3102,5,769
CU14911,115.5,750,16,261
CU14911,105,675,17,161
CU14911,94.5,825,18,361
CU2394,161.7,4600,2,3706
CU2394,147,4140,3,3606
CU2394,132.3,5060,4,3806
CU15786,27.5,750,4,237
CU15786,25,675,5,137
CU15786,22.5,825,6,337
CU10861,27.5,591,3,159
CU10861,25,531.9,4,59
CU10861,22.5,650.1,5,259
CU9868,27.5,460,1,378
CU9868,25,414,2,278
CU9868,22.5,506,3,478
CU8647,29.7,4900,2,1312
CU8647,27,4410,3,1212
CU8647,24.3,5390,4,1412
CU5473,27.5,3601,0,550
CU5473,25,3240.9,1,450
CU5473,22.5,3961.1,2,650
CU10161,27.5,700,10,242
CU10161,25,630,11,142
CU10161,22.5,770,12,342
CU6234,695.2,9850,3,3005
CU6234,632,8865,4,2905
CU6234,568.8,10835,5,3105
CU12312,27.5,500,6,125
CU12312,25,450,7,25
CU12312,22.5,550,8,225
CU975,809.6,6600,1,2321
CU975,736,5940,2,2221
CU975,662.4,7260,3,2421
CU7799,27.5,500,14,196
CU7799,25,450,15,96
CU7799,22.5,550,16,296
CU2753,27.5,1800,1,2086
CU2753,25,1620,2,1986
CU2753,22.5,1980,3,2186
CU11667,27.5,1050,2,211
